matchup,first_season,second_season,paired_hitters,xchase_plus_r
R/R,2021,2022,103,0.710190730966979
R/R,2022,2023,104,0.7382172687062829
R/R,2023,2024,96,0.6989392060666714
R/R,2024,2025,94,0.7652903692874994
R/R,2025,2026,80,0.7675193083240331
L/L,2021,2022,41,0.45873919314682504
L/L,2022,2023,37,0.23819015852152456
L/L,2023,2024,39,0.5475764363806667
L/L,2024,2025,48,0.47343657367886444
L/L,2025,2026,51,0.4667012243108887
R/L,2021,2022,135,0.4491515990050235
R/L,2022,2023,139,0.44591646600036006
R/L,2023,2024,151,0.5559425040946363
R/L,2024,2025,136,0.41509973158493324
R/L,2025,2026,127,0.48013095557937635
L/R,2021,2022,81,0.5455674605410945
L/R,2022,2023,88,0.6634875830580315
L/R,2023,2024,99,0.6668318534113449
L/R,2024,2025,92,0.703578302001472
L/R,2025,2026,105,0.6078231273385976
