game_year,matchup,plate_appearances,opportunities,chases,chase_rate,cost_per_chase,matchup_xchase_plus,share_of_pa_vs_this_hand,minimum_opportunities,minimum_plate_appearances,qualified,true_sd_xchase_plus,median_xchase_plus_se,typical_reliability,league_chase_cost_per_600_pa,stat_version,run_fingerprint
2021,R/R,69444,135410,39221,28.964625950816043,0.11230703937596924,93.18962878828408,0.7024041729059494,421,210,134,21.95367656678223,11.627271844237084,0.7809416882425123,36.68254102877602,xChase+ 1.1,096e2bfd9ae7ad0e
2021,L/L,15277,28658,7617,26.578965733826504,0.11620347359389462,99.21132391932875,0.29759582709405064,178,89,61,19.156949704838397,16.263173364887145,0.5811569569920773,36.68254102877602,xChase+ 1.1,096e2bfd9ae7ad0e
2021,R/L,38581,77216,21874,28.328325735598842,0.10597017210222483,102.87368576716364,0.29759582709405064,178,89,188,21.472547959940204,18.709081226383706,0.5684506168147819,36.68254102877602,xChase+ 1.1,096e2bfd9ae7ad0e
2021,L/R,57675,117294,30900,26.34405851961737,0.11178052235519952,106.48666410624837,0.7024041729059494,421,210,123,20.164092176220077,11.853903182810035,0.7431665624593369,36.68254102877602,xChase+ 1.1,096e2bfd9ae7ad0e
2022,R/R,72999,142986,43546,30.454729833690013,0.1026448646002808,94.37305908732093,0.7265361651501465,436,218,147,19.61871214065866,11.68222141266255,0.7382381457686312,35.580170432221806,xChase+ 1.1,096e2bfd9ae7ad0e
2022,L/L,12921,24479,6960,28.432534008742188,0.10963473630226603,95.21152646637638,0.2734638348498535,164,82,61,23.184013536248457,16.767482051542913,0.6565693447331001,35.580170432221806,xChase+ 1.1,096e2bfd9ae7ad0e
2022,R/L,36728,73526,21978,29.89146696406713,0.09606127806602757,104.44554162759421,0.2734638348498535,164,82,203,21.313761415758833,19.660217253931854,0.5402903410046354,35.580170432221806,xChase+ 1.1,096e2bfd9ae7ad0e
2022,L/R,58908,118947,32985,27.730838104365812,0.10375190431321363,105.25152905062691,0.7265361651501465,436,218,122,19.964369379914068,11.491191914947693,0.7511465614001261,35.580170432221806,xChase+ 1.1,096e2bfd9ae7ad0e
2023,R/R,72567,141052,42248,29.95207441227349,0.11283959211917374,93.06681287527582,0.7354469684588986,441,221,144,23.90970887424645,11.214747629557074,0.819669492551542,38.00084762126538,xChase+ 1.1,096e2bfd9ae7ad0e
2023,L/L,13016,24579,6816,27.73098986940071,0.11803015885707517,97.77462656939272,0.2645530315411015,159,79,56,17.741923313593052,17.054371636958095,0.5197516241498861,38.00084762126538,xChase+ 1.1,096e2bfd9ae7ad0e
2023,R/L,35548,70356,20726,29.458752629484337,0.10516229915927357,103.16110792039292,0.2645530315411015,159,79,206,21.210866683050604,19.220478365141748,0.5491098258830506,38.00084762126538,xChase+ 1.1,096e2bfd9ae7ad0e
2023,L/R,62439,126474,34339,27.15103499533501,0.11284248805260172,106.7220004532186,0.7354469684588986,441,221,137,21.091714918013057,11.349980388201901,0.7754471220832206,38.00084762126538,xChase+ 1.1,096e2bfd9ae7ad0e
2024,R/R,69584,132889,39412,29.657834734251892,0.10908568400659242,94.5309244591868,0.7309279766975351,438,219,135,20.264751865221317,11.298480831996152,0.7628610189914165,36.14150873889168,xChase+ 1.1,096e2bfd9ae7ad0e
2024,L/L,13924,25453,7146,28.075275998899933,0.11074468220828965,97.87323224346649,0.2690720233024649,161,81,64,21.963253466733562,17.28434264825566,0.6175446442597943,36.14150873889168,xChase+ 1.1,096e2bfd9ae7ad0e
2024,R/L,35035,69178,20137,29.108965277978548,0.1038982485062781,102.14444767363767,0.2690720233024649,161,81,210,22.473460984773414,19.172932183491604,0.5787566006520708,36.14150873889168,xChase+ 1.1,096e2bfd9ae7ad0e
2024,L/R,63412,126624,34676,27.38501389941875,0.10892916499346571,105.2835826409516,0.7309279766975351,438,219,132,18.240829101941255,11.529008238307398,0.7145512557012211,36.14150873889168,xChase+ 1.1,096e2bfd9ae7ad0e
2025,R/R,67728,126087,36987,29.33450712603203,0.11513416153045279,94.46331682955878,0.7281277747936375,437,218,126,21.42187423277345,11.009335486198328,0.7910618586251013,37.06462112510036,xChase+ 1.1,096e2bfd9ae7ad0e
2025,L/L,15218,27428,7786,28.387049730202712,0.12106159222434362,93.43218522380792,0.27187222520636245,163,82,70,19.247355900709206,16.37452789320951,0.5801266906980622,37.06462112510036,xChase+ 1.1,096e2bfd9ae7ad0e
2025,R/L,34384,66253,19022,28.711152702519133,0.11070550886788454,102.09044621580577,0.27187222520636245,163,82,191,21.14539615928911,18.21912460063676,0.5739292510802936,37.06462112510036,xChase+ 1.1,096e2bfd9ae7ad0e
2025,L/R,65116,127185,34285,26.956795219562057,0.11560541605204594,106.18987008335075,0.7281277747936375,437,218,131,18.62887215299451,11.048629361051017,0.739777518261139,37.06462112510036,xChase+ 1.1,096e2bfd9ae7ad0e
2026,R/R,51950,102593,32298,31.481680036649674,0.12082393945661962,94.32828066615919,0.7035301696110068,379,189,103,19.157076719263628,10.537563621860663,0.7677146703104984,43.98607269213801,xChase+ 1.1,096e2bfd9ae7ad0e
2026,L/L,16642,31969,9668,30.24179674059245,0.12292962536539516,97.18459620788173,0.2964698303889932,160,80,83,21.633376906956016,15.371231970841222,0.6645147940171399,43.98607269213801,xChase+ 1.1,096e2bfd9ae7ad0e
2026,R/L,32143,66737,20605,30.87492695206557,0.11497733719813555,102.36547948865405,0.2964698303889932,160,80,179,22.17257346280897,16.480997694924785,0.6441210584554834,43.98607269213801,xChase+ 1.1,096e2bfd9ae7ad0e
2026,L/R,63818,131446,38981,29.65552394139038,0.11809062102998584,104.15973803782092,0.7035301696110068,379,189,159,18.383796635952063,10.794153365660744,0.7436315570383363,43.98607269213801,xChase+ 1.1,096e2bfd9ae7ad0e
