game_year,event,occurrences,run_value
2021,field_out,70759,-0.24400198716372143
2021,strikeout,41897,-0.2699379461865858
2021,single,24772,0.4643840130469971
2021,walk,14970,0.34331895346748914
2021,double,7821,0.7646452955863592
2021,home_run,5866,1.3866064912072895
2021,force_out,3715,-0.34958109650900787
2021,grounded_into_double_play,3309,-0.7998976910084793
2021,hit_by_pitch,2089,0.3693256447593344
2021,field_error,1232,0.4353963165594287
2021,sac_fly,1110,-0.0251003529121665
2021,sac_bunt,736,-0.13255833863495461
2021,triple,668,1.0612511326911738
2021,intent_walk,635,0.20923019028227827
2021,fielders_choice,392,0.6937238634798599
2021,double_play,385,-0.9264530022757618
2021,fielders_choice_out,280,-0.6258365835248044
2021,truncated_pa,221,-0.2805019576084284
2021,strikeout_double_play,109,-0.6878430320635567
2021,catcher_interf,61,0.3762802472225028
2021,sac_fly_double_play,17,-0.5587046048050528
2021,triple_play,5,-1.5696186665893168
2021,sac_bunt_double_play,2,-0.8094924481910784
2022,field_out,73453,-0.22948971254256015
2022,strikeout,40611,-0.25386267347159824
2022,single,25652,0.45433882393114194
2022,walk,14267,0.32180262046153085
2022,double,7891,0.7555255682531662
2022,home_run,5145,1.4003772891613542
2022,force_out,3818,-0.32646286787715856
2022,grounded_into_double_play,3379,-0.7798288639562334
2022,hit_by_pitch,2031,0.3466415544395666
2022,sac_fly,1185,-0.008956232481491461
2022,field_error,1129,0.42850275564666435
2022,triple,638,0.9961593274555289
2022,intent_walk,414,0.18899501386416723
2022,double_play,395,-0.8620136105930197
2022,fielders_choice,373,0.7213170739490185
2022,sac_bunt,368,-0.034690427405842605
2022,truncated_pa,291,-0.25150660043870654
2022,fielders_choice_out,275,-0.6145414242334809
2022,strikeout_double_play,121,-0.6699949016132434
2022,catcher_interf,73,0.3712431675040596
2022,sac_fly_double_play,22,-0.484298802369454
2022,triple_play,6,-1.437964774951076
2023,field_out,72467,-0.2470824563021575
2023,strikeout,41677,-0.2713953370104455
2023,single,25847,0.46859786175653645
2023,walk,15258,0.3257619879784762
2023,double,8181,0.7614199373619073
2023,home_run,5807,1.3832818820874067
2023,force_out,3585,-0.33896845045133045
2023,grounded_into_double_play,3452,-0.8041459087203738
2023,hit_by_pitch,2095,0.34669160027044893
2023,sac_fly,1189,-0.007322066843666144
2023,field_error,1058,0.43899237192099827
2023,triple,710,1.0929363970983665
2023,intent_walk,423,0.217836081359623
2023,sac_bunt,401,-0.07256560323146578
2023,double_play,389,-0.8953879622774189
2023,fielders_choice,370,0.6957061635779433
2023,fielders_choice_out,286,-0.6160241809661897
2023,truncated_pa,264,-0.30098374653525917
2023,strikeout_double_play,100,-0.6812172930866225
2023,catcher_interf,96,0.37736994609850055
2023,sac_fly_double_play,24,-0.5400510697519365
2023,triple_play,1,-1.4586155003762227
2024,field_out,73727,-0.2350284716073595
2024,strikeout,41012,-0.26131436702348415
2024,single,25688,0.46966385781169784
2024,walk,14338,0.33008345324577526
2024,double,7730,0.7445470542434592
2024,home_run,5388,1.400390482030037
2024,force_out,3462,-0.33485272089769247
2024,grounded_into_double_play,3221,-0.8015122468927586
2024,hit_by_pitch,2007,0.3528650298863776
2024,sac_fly,1236,-0.027430737387921948
2024,field_error,1108,0.44444925702153176
2024,triple,687,1.051712002593861
2024,intent_walk,451,0.19831406002016896
2024,sac_bunt,429,-0.06398584351114407
2024,fielders_choice,369,0.7198590544714125
2024,double_play,339,-0.9146370117357311
2024,truncated_pa,315,-0.26884554240061564
2024,fielders_choice_out,312,-0.6428138231353436
2024,strikeout_double_play,111,-0.6438176584073682
2024,catcher_interf,100,0.3621350375170864
2024,sac_fly_double_play,13,-0.5584345611967889
2024,triple_play,2,-1.687137911815388
2025,field_out,74198,-0.23991102335638415
2025,strikeout,40456,-0.26618648200630857
2025,single,25877,0.46946873768672764
2025,walk,14725,0.3368124970436596
2025,double,7698,0.7507093882402933
2025,home_run,5593,1.386518446165428
2025,force_out,3348,-0.34695211913304663
2025,grounded_into_double_play,3110,-0.8030773593180586
2025,hit_by_pitch,1908,0.3523960626723561
2025,sac_fly,1269,-0.031746831414879696
2025,field_error,1005,0.436092850516323
2025,triple,618,0.9774559305390504
2025,sac_bunt,534,-0.0871647025582986
2025,intent_walk,487,0.22244363189080624
2025,double_play,376,-0.9236526126702486
2025,fielders_choice,374,0.7453509921700814
2025,fielders_choice_out,324,-0.6514095819975377
2025,truncated_pa,312,-0.2681187033107816
2025,strikeout_double_play,125,-0.6915637160471124
2025,catcher_interf,84,0.3816296269813517
2025,sac_fly_double_play,15,-0.5945498062824818
2025,triple_play,3,-1.5745481927710843
2026,field_out,66512,-0.24204450599578023
2026,strikeout,36306,-0.2678531903682619
2026,single,23158,0.4708719945233958
2026,walk,14117,0.33726526069922
2026,double,6719,0.7466078321146777
2026,home_run,4939,1.394560768334038
2026,force_out,3048,-0.3478350207310778
2026,grounded_into_double_play,2797,-0.7989141262979431
2026,hit_by_pitch,1888,0.3581877631524354
2026,sac_fly,1143,-0.030087067860081657
2026,field_error,923,0.44766196704542827
2026,sac_bunt,585,-0.07793474487167171
2026,triple,578,1.0691485410706802
2026,intent_walk,446,0.2205097184381711
2026,fielders_choice,366,0.7748392418261771
2026,double_play,343,-0.885782306360916
2026,truncated_pa,290,-0.28300008868349863
2026,fielders_choice_out,284,-0.6512013242343699
2026,strikeout_double_play,89,-0.6798205163952997
2026,catcher_interf,75,0.31667775882461996
2026,sac_fly_double_play,10,-0.5941771453506879
2026,triple_play,1,-1.5380855397148676
