season,start_date,end_date,full_month,pitches,source
2021,2021-03-15,2021-03-31,False,42561,downloaded
2021,2021-04-01,2021-04-30,True,111894,downloaded
2021,2021-05-01,2021-05-31,True,122217,downloaded
2021,2021-06-01,2021-06-30,True,116550,downloaded
2021,2021-07-01,2021-07-31,True,108667,downloaded
2021,2021-08-01,2021-08-31,True,121629,downloaded
2021,2021-09-01,2021-09-30,True,118216,downloaded
2021,2021-10-01,2021-10-31,False,23728,downloaded
2021,2021-11-01,2021-11-03,False,271,downloaded
2022,2022-03-15,2022-03-31,False,39012,downloaded
2022,2022-04-01,2022-04-30,True,106467,downloaded
2022,2022-05-01,2022-05-31,True,122994,downloaded
2022,2022-06-01,2022-06-30,True,119048,downloaded
2022,2022-07-01,2022-07-31,True,114424,downloaded
2022,2022-08-01,2022-08-31,True,122558,downloaded
2022,2022-09-01,2022-09-30,True,116726,downloaded
2022,2022-10-01,2022-10-31,False,32981,downloaded
2022,2022-11-01,2022-11-06,False,1120,downloaded
2023,2023-03-15,2023-03-31,False,47457,downloaded
2023,2023-04-01,2023-04-30,True,120603,downloaded
2023,2023-05-01,2023-05-31,True,122394,downloaded
2023,2023-06-01,2023-06-30,True,115544,downloaded
2023,2023-07-01,2023-07-31,True,108240,downloaded
2023,2023-08-01,2023-08-31,True,121165,downloaded
2023,2023-09-01,2023-09-30,True,122355,downloaded
2023,2023-10-01,2023-10-31,False,16007,downloaded
2023,2023-11-01,2023-11-03,False,273,downloaded
2024,2024-03-15,2024-03-31,False,52116,cached
2024,2024-04-01,2024-04-30,True,116769,cached
2024,2024-05-01,2024-05-31,True,118739,cached
2024,2024-06-01,2024-06-30,True,116355,cached
2024,2024-07-01,2024-07-31,True,108693,cached
2024,2024-08-01,2024-08-31,True,121441,cached
2024,2024-09-01,2024-09-30,True,113268,cached
2024,2024-10-01,2024-10-31,False,12868,cached
2024,2024-11-01,2024-11-03,False,0,cached
2025,2025-03-15,2025-03-31,False,63808,cached
2025,2025-04-01,2025-04-30,True,114767,cached
2025,2025-05-01,2025-05-31,True,120218,cached
2025,2025-06-01,2025-06-30,True,115816,cached
2025,2025-07-01,2025-07-31,True,107305,cached
2025,2025-08-01,2025-08-31,True,124298,cached
2025,2025-09-01,2025-09-30,True,111477,cached
2025,2025-10-01,2025-10-31,False,12739,cached
2025,2025-11-01,2025-11-03,False,367,cached
2026,2026-03-20,2026-03-31,False,41604,cached
2026,2026-04-01,2026-04-30,True,117333,cached
2026,2026-05-01,2026-05-31,True,121779,cached
2026,2026-06-01,2026-06-30,True,115920,cached
2026,2026-07-01,2026-07-31,True,109421,cached
2026,2026-08-01,2026-08-31,True,123373,cached
2026,2026-09-01,2026-09-30,False,33078,cached
2026,2026-10-01,2026-10-31,False,0,cached
2026,2026-11-01,2026-11-03,False,0,cached
