seasons,hitters,stat,r_with_next_xwoba,r_squared_without,r_squared_with,r_squared_gain,next_xwoba_per_10_points,t_value
2021-2022,181,xChase+,0.2276203854850825,0.38272153472401915,0.3829885038774379,0.00026696915341872796,-0.5625223361500414,-0.2767391147804752
2021-2022,181,Chase+,0.20789947221859162,0.38272153472401915,0.38491173851736216,0.002190203793343004,-1.508798845648703,-0.7938897177832459
2022-2023,191,xChase+,0.2024608627138351,0.5286193009607698,0.5318527172131184,0.003233416252348631,-2.091979948806433,-1.1364762340926997
2022-2023,191,Chase+,0.16728288827536916,0.5286193009607698,0.5291808016189656,0.0005615006581958237,0.752308576764298,0.47224661792351824
2023-2024,192,xChase+,0.23673330532003692,0.4889848818553614,0.4896071034311721,0.0006222215758107108,-0.8179724334518437,-0.47873937349183626
2023-2024,192,Chase+,0.19672632520208114,0.4889848818553614,0.4923848616086265,0.0033999797532651144,-1.6411862265547064,-1.1221471411254382
2024-2025,189,xChase+,0.2892065164667245,0.4378114294060641,0.4390362171619129,0.0012247877558487774,0.9880386349880822,0.6355487526705333
2024-2025,189,Chase+,0.25564947785706593,0.4378114294060641,0.44167860754179966,0.0038671781357355606,1.736496972047443,1.1319853825659278
2025-2026,187,xChase+,0.13088614906141444,0.3545234295616162,0.36282204652786876,0.008298616966252559,-2.5125702839740915,-1.5438248752592088
2025-2026,187,Chase+,0.12064400904874963,0.3545234295616162,0.35777534435116587,0.0032519147895496703,-1.5032767364921067,-0.9626128086996734
all pairs,940,xChase+,0.21754110307512048,0.442277303649909,0.44309054112738266,0.0008132374774736384,-0.9072000972735368,-1.1666063911276856
all pairs,940,Chase+,0.18688655910560378,0.442277303649909,0.4425143681214243,0.00023706447151528032,-0.4478987965769145,-0.6295414828882757
