game_year,player,batter,expect_chase_plus_to,chase_plus,xchase_plus,luck,luck_z,chases_in_play,plate_appearances
2021,Tyler Stephenson,663886,fall,128.1625071630499,116.33931600402047,11.82319115902942,2.622724638802867,43,405
2021,Yuli Gurriel,493329,fall,137.63826689150036,127.7573426738228,9.88092421767756,2.485591118746242,125,603
2021,Xander Bogaerts,593428,fall,128.1413637144034,117.7535317585028,10.387831955900609,2.254633438562728,107,602
2021,Nicky Lopez,670032,fall,123.01577937335968,111.26245766715944,11.75332170620024,2.1486157483958417,81,567
2021,Philip Gosselin,594838,fall,113.62295636247758,98.41623832961112,15.206718032866462,2.133887294001054,60,372
2021,Brandon Belt,474832,rise,145.12220464204637,148.0415056698448,-2.91930102779844,2.132388730325903,39,378
2021,Corey Dickerson,572816,fall,112.47422453521445,98.00152008233091,14.472704452883534,2.0969654885358833,87,364
2021,Kevin Kiermaier,595281,fall,103.22549280351411,88.80128470473039,14.424208098783723,2.086939319345259,44,387
2021,Harrison Bader,664056,fall,97.16148450392456,78.03326280708673,19.128221696837826,2.0775144126874507,71,397
2021,Aaron Judge,592450,rise,99.2006929143662,111.49594552122096,-12.29525260685476,-2.185137545733036,72,624
2021,Jarred Kelenic,672284,rise,76.1866004378341,89.04181442624648,-12.855213988412373,-2.1928326680003636,52,377
2021,Seth Brown,664913,rise,73.1109692245347,90.03396205057228,-16.922992826037586,-3.006217297650042,36,306
2022,Xander Bogaerts,593428,fall,120.06105028020404,104.53003023598068,15.531020044223368,2.6936086681133387,114,625
2022,Gavin Sheets,657757,fall,104.17247851228944,84.59641040836345,19.57606810392599,2.6357469324506986,79,410
2022,Jake Cronenworth,630105,fall,126.0350233149331,115.49949149837076,10.53553181656234,2.6185349338712336,63,678
2022,Bobby Witt,677951,fall,108.952308607604,92.20492710328448,16.74738150431952,2.4435880292770062,106,631
2022,Travis d'Arnaud,518595,fall,115.65720443350158,101.94437461243685,13.71282982106473,2.306594950510453,85,421
2022,Amed Rosario,642708,fall,114.94110946996511,98.38322610395444,16.55788336601067,2.294319015418598,159,670
2022,Harold Ramírez,623912,fall,105.257149293699,86.85679098830377,18.40035830539523,2.2481590782528387,85,432
2022,Jace Peterson,607054,fall,112.63071800077034,102.12377008938832,10.506947911382028,2.1742237137716054,30,328
2022,Ian Happ,664023,fall,120.30943677081736,109.60835065836676,10.701086112450596,2.144836723556582,75,636
2022,Jesse Winker,608385,rise,129.54658748608708,143.65521436582603,-14.10862687973895,-2.004122212032797,47,546
2022,Tommy Edman,669242,rise,83.13262536999919,94.6872997431407,-11.55467437314151,-2.049488078351796,81,627
2022,Giancarlo Stanton,519317,rise,83.09890697979804,94.94813214922344,-11.849225169425395,-2.0807007352255593,60,452
2022,Nick Senzel,669222,rise,102.1660830672021,118.88587468789768,-16.719791620695588,-2.1236146542777,54,417
2022,DJ LeMahieu,518934,rise,110.64959878515386,129.1080149402422,-18.458416155088358,-2.18751270885679,100,541
2022,Garrett Cooper,643265,rise,90.69986184503249,107.34877663384476,-16.648914788812277,-2.346013528913887,77,469
2022,Marcell Ozuna,542303,rise,71.79043841201813,86.8780847506694,-15.087646338651268,-2.6569074073020156,87,507
2022,Anthony Santander,623993,rise,86.69060892352454,104.22125400222411,-17.530645078699578,-2.8952641098734073,101,646
2023,Yordan Álvarez,670541,fall,126.0371438492154,111.18360040541732,14.853543443798074,3.106630433328071,62,486
2023,José Altuve,514888,fall,114.60892982232546,94.16410925291684,20.44482056940862,2.7427134992708684,82,407
2023,Randal Grichuk,545341,fall,105.28209664462804,90.30013909216356,14.981957552464479,2.4616630807445374,71,467
2023,Geraldo Perdomo,672695,fall,151.88765186903618,143.25067612524396,8.63697574379222,2.443359103105168,43,493
2023,Cody Bellinger,641355,fall,128.16259053475656,113.81800591087148,14.344584623885083,2.353328791878079,92,553
2023,Jake Meyers,676694,fall,110.22721406328488,98.76321955979404,11.463994503490838,2.284385492850649,31,342
2023,Jason Heyward,518792,fall,110.0018180864034,94.6728501494278,15.328967936975602,2.2831905610494663,54,376
2023,Matt Chapman,656305,fall,130.25233190433792,121.67150950977174,8.580822394566184,2.240511437464163,43,581
2023,Adam Duvall,594807,fall,94.87665927090389,79.17760919787337,15.69905007303052,2.227916919223128,51,350
2023,Ha-Seong Kim,673490,fall,154.98130236278587,148.43261106176558,6.548691301020284,2.025114076531838,85,627
2023,Gleyber Torres,650402,fall,126.95669461550035,117.63176617360703,9.32492844189332,2.016790973031941,108,672
2023,Seth Brown,664913,rise,73.2873250979871,84.57662800716437,-11.28930290917728,-2.0050205908774887,39,378
2023,Pete Alonso,624413,rise,85.92436205720534,96.61704899083162,-10.692686933626277,-2.07030554471632,101,650
2023,José Ramírez,608070,rise,79.74634646095271,92.34851183075487,-12.602165369802165,-2.1282175924603033,111,674
2023,Giancarlo Stanton,519317,rise,66.76076347659802,80.10501063580509,-13.344247159207072,-2.129063377059258,54,413
2023,Edward Olivares,658668,rise,82.3562070737828,97.61011400423304,-15.253906930450242,-2.143245196929479,56,381
2023,Kyle Farmer,571657,rise,66.06280642278423,82.63265603552624,-16.569849612742004,-2.279862303646929,57,366
2023,Salvador Pérez,521692,rise,68.55506270535534,83.50078092591768,-14.945718220562341,-2.406069690339089,143,575
2023,Daulton Varsho,662139,rise,80.71145755725485,93.96149017631922,-13.25003261906437,-2.5135078855825617,66,583
2023,Michael Massey,686681,rise,73.67457766309855,93.0163553767966,-19.34177771369805,-2.8580589397637985,81,459
2024,Mark Canha,592192,fall,134.83988036634753,122.29387030965928,12.546010056688246,2.9465534677937173,66,460
2024,Bryce Harper,547180,fall,102.26542270412163,85.79074625564756,16.47467644847407,2.6540779888451698,82,622
2024,Amed Rosario,642708,fall,97.54801320971526,71.7913718749041,25.756641334811164,2.420969774009516,77,346
2024,Andrew McCutchen,457705,fall,129.02282136087084,122.9007813880244,6.122039972846437,2.2661601262315774,29,514
2024,Carlos Correa,621043,fall,122.91339384518608,112.98490257959398,9.9284912655921,2.1325614279611225,57,364
2024,José Ramírez,608070,fall,114.77687491332652,103.7237996847788,11.053075228547726,2.018693265827112,149,672
2024,Michael Massey,686681,rise,65.66747443555798,79.29261937909297,-13.625144943534991,-2.2322745215280753,56,355
2024,Jake Cronenworth,630105,rise,103.584140896394,115.9738842208639,-12.38974332446989,-2.2987664392565463,65,656
2024,Miguel Amaya,665804,rise,75.50153793184914,89.07206645214526,-13.570528520296122,-2.304373163364016,46,364
2024,Royce Lewis,668904,rise,74.57679634717972,89.32994673239124,-14.753150385211512,-2.305389811814538,48,323
2024,Brandon Drury,592273,rise,100.00465281555798,120.65418119281728,-20.6495283772593,-2.355069128272758,65,361
2024,Alec Burleson,676475,rise,87.76407928242139,104.05650315034532,-16.29242386792393,-2.3575771892384463,118,593
2025,JJ Bleday,668709,fall,108.45792215402838,93.82891923569636,14.62900291833202,4.040354461745286,19,342
2025,Maikel García,672580,fall,142.73509858976348,133.43821427792494,9.29688431183854,2.544131137464825,95,669
2025,Tommy Pham,502054,fall,129.45821880079234,119.76619287982751,9.692025920964824,2.3460664734237247,28,447
2025,Luis Arráez,650333,fall,127.09733465276156,114.53337912931715,12.563955523444406,2.2881391098434833,178,677
2025,Ben Rice,700250,rise,102.29722371768996,113.1353931868148,-10.838169469124836,-2.02907302679269,53,531
2025,Eric Wagaman,676572,rise,84.99607956065526,97.94623294729764,-12.950153386642384,-2.0827020703370303,59,515
2025,Ryan O'Hearn,656811,rise,88.52664651170747,100.8930321628039,-12.366385651096437,-2.0986260095415155,64,540
2025,Michael Toglia,669911,rise,59.40009829287705,70.86423149742005,-11.464133204543003,-2.104955987271213,30,337
2025,Ezequiel Tovar,678662,rise,66.78528183002119,78.56940430722639,-11.784122477205202,-2.1194914454836598,53,391
2025,Jacob Young,696285,rise,98.3991796775033,114.28780196903926,-15.888622291535967,-2.1713113624050218,42,366
2025,Michael Harris,671739,rise,57.50526973425072,69.39243324706443,-11.887163512813714,-2.2862004055837586,111,640
2025,Taylor Ward,621493,rise,102.44341953650576,113.6258926947708,-11.18247315826504,-2.4421632852279487,48,665
2025,J. P. Crawford,641487,rise,109.19018400601036,124.23692484587842,-15.046740839868065,-2.737282933794128,67,654
2026,José Tena,677588,fall,101.2097837943274,85.38202524496728,15.827758549360112,2.582583398962366,38,275
2026,Ty France,664034,fall,101.08853105113774,86.01193090537208,15.076600145765653,2.4890305249122506,51,437
2026,Andrew Vaughn,683734,fall,130.37811866326035,120.13084691340904,10.247271749851308,2.3942126631629375,44,312
2026,Caleb Durbin,702332,fall,124.60480282038117,113.9913829058484,10.61341991453277,2.330477574628643,96,527
2026,Henry Bolte,703607,fall,109.69663782283176,98.36888895962537,11.327748863206395,2.184761029554151,36,399
2026,Chandler Simpson,802415,fall,115.88905344615068,103.4415588370662,12.447494609084487,2.1473771214070725,116,554
2026,Javier Sanoja,691594,fall,112.27589348879825,97.72560174788303,14.550291740915213,2.135301203699949,116,422
2026,Ezequiel Duran,677649,fall,117.14728531286804,106.93773741275292,10.209547900115112,2.1120657370978084,86,529
2026,Salvador Pérez,521692,rise,64.03759722820209,73.27034306738766,-9.232745839185569,-2.0443719444791455,151,571
2026,Cal Raleigh,663728,rise,82.92736188443169,92.5730686016556,-9.645706717223916,-2.070697970852553,81,459
2026,Kyle Tucker,663656,rise,110.6960685018726,122.16431074567836,-11.468242243805761,-2.1332312309221844,60,558
2026,Nick Kurtz,701762,rise,114.18758150317429,122.34346446424462,-8.155882961070333,-2.2331672859547163,22,428
2026,Nico Hoerner,663538,rise,92.83898634149762,110.02676466809142,-17.1877783265938,-2.6061131415101824,131,623
2026,Jake Bauers,641343,rise,121.5651489501517,133.2379583870449,-11.672809436893203,-2.802934817415374,32,518
