batter,player,game_year,plate_appearances,chases,chases_in_play,chase_rate,chase_plus,xchase_plus,luck,luck_raw,luck_se,luck_z,chase_plus_rank,xchase_plus_rank,rank_move,chase_plus_raw,xchase_plus_raw,chase_plus_se,xchase_plus_se,league_chase_cost_per_600_pa
676391,Ernie Clement,2026,566,424,175,45.39614561027837,93.32130361633055,75.6105570521985,17.71074656413205,18.122902543820302,9.31383862298783,1.9458037955575582,203.0,257.0,54.0,87.67545641493582,69.55255387111552,13.207047121237716,8.476115327340578,43.986072692138
677588,José Tena,2026,275,174,38,29.845626072041163,101.2097837943274,85.38202524496728,15.827758549360112,21.521057705481667,8.333151105257018,2.582583398962366,157.0,235.0,78.0,98.29605330918022,76.77499560369856,17.667461458310505,12.36149044207177,43.986072692138
671739,Michael Harris,2026,557,480,119,44.40333024976873,90.6494337798438,75.44948531999246,15.199948459851342,15.677599518023996,8.243753967665718,1.9017549018949225,216.0,258.0,42.0,82.92583124616905,67.24823172814506,13.866306677808206,9.83528830482905,43.986072692138
664034,Ty France,2026,437,302,51,33.114035087719294,101.08853105113774,86.01193090537208,15.076600145765653,17.47330666019299,7.020125500794732,2.4890305249122506,158.0,231.0,73.0,99.67322154804954,82.19991488785655,12.086251884224696,8.361662235735436,43.986072692138
676356,Jonny DeLuca,2026,317,208,57,35.61643835616438,95.09963163402618,80.26182437999103,14.837807254035155,17.067613418208126,9.343022936653101,1.826776358564968,196.0,248.0,52.0,89.17595013593554,72.10833671772741,14.764068364127048,10.716588798201691,43.986072692138
691594,Javier Sanoja,2026,422,289,116,38.430851063829785,112.27589348879825,97.72560174788303,14.550291740915213,21.86951348068527,10.241886925737132,2.135301203699949,74.0,171.0,97.0,117.68555893390158,95.8160454532163,15.343997625580762,9.544253133131452,43.986072692138
665926,Andrés Giménez,2026,457,385,96,43.55203619909502,83.20583102328382,69.20334927591531,14.002481747368506,11.212809448283231,8.433371218076939,1.3295761752131299,249.0,262.0,13.0,73.25407685108752,62.04126740280429,12.679148730872578,8.351846427731076,43.986072692138
802415,Chandler Simpson,2026,554,258,116,30.105017502917157,115.88905344615068,103.4415588370662,12.447494609084487,16.510905290821484,7.688870821163767,2.1473771214070725,58.0,135.0,77.0,119.75809455068072,103.24718925985924,10.74247479759284,6.509603137861465,43.986072692138
703607,Henry Bolte,2026,399,225,36,29.14507772020725,109.69663782283176,98.36888895962537,11.327748863206395,14.667561831169394,6.7135771980346215,2.184761029554151,89.0,167.0,78.0,111.62259237572636,96.95503054455696,11.166488810911265,8.599267076106774,43.986072692138
694249,Cole Carrigg,2026,296,221,49,35.3035143769968,108.28950633981025,97.26261036816476,11.026895971645487,18.379189647715123,10.813476501179622,1.6996559474383812,97.0,175.0,78.0,112.12729025860696,93.74810061089184,18.39868635645241,12.556976137724527,43.986072692138
701678,Hao-Yu Lee,2026,292,169,36,30.286738351254485,98.8694658575076,88.01807832234138,10.851387535166225,11.976496146338732,8.508902033496515,1.4075254479592707,173.0,226.0,53.0,95.3461360542672,83.36963990792847,14.76203731993785,9.762439715630029,43.986072692138
702332,Caleb Durbin,2026,527,267,96,28.16455696202532,124.60480282038117,113.9913829058484,10.61341991453277,17.11141839239461,7.3424514265584735,2.330477574628643,20.0,66.0,46.0,132.45404905858507,115.34263066619046,11.536565314430009,7.259855760321122,43.986072692138
696100,Hunter Goodman,2026,510,445,71,40.49135577797998,88.83098374086985,78.350824205402,10.480159535467848,10.57918074010972,6.955960431876698,1.5208799480268878,223.0,253.0,30.0,79.09479621960996,68.51561547950024,14.631452090853667,11.340843705681968,43.986072692138
683734,Andrew Vaughn,2026,312,153,44,22.869955156950677,130.37811866326035,120.13084691340904,10.247271749851308,21.32397395878644,8.906466115928,2.3942126631629375,10.0,45.0,35.0,145.22222725175112,123.89825329296468,13.990942860527218,9.33564383050904,43.986072692138
677649,Ezequiel Duran,2026,529,389,86,35.52511415525114,117.14728531286804,106.93773741275292,10.209547900115112,16.328573514095112,7.731091522052822,2.1120657370978084,51.0,112.0,61.0,123.66240466475575,107.33383115066064,13.233799780143157,8.541253485607589,43.986072692138
678882,Ceddanne Rafaela,2026,564,486,120,45.50561797752809,94.72278041637014,84.71600342581219,10.006776990557952,10.119177715865817,8.22995829731143,1.2295539479430362,198.0,239.0,41.0,90.56234961340412,80.4431718975383,12.129984500392352,8.5657983408421,43.986072692138
687263,Zach Neto,2026,621,530,87,37.74928774928775,75.0173812091952,65.09391360030222,9.923467608892977,8.54149343324017,6.200722563397723,1.377499693932413,259.0,264.0,5.0,65.04596724798047,56.5044738147403,10.779554699036131,8.663103270725879,43.986072692138
664040,Brandon Lowe,2026,591,434,58,33.591331269349844,91.66842787236862,82.26668394763581,9.401743924732813,9.38758037777221,5.684345200553197,1.651479642168568,213.0,243.0,30.0,86.71031326971385,77.32273289194164,11.545689899155713,8.704452422392162,43.986072692138
621439,Byron Buxton,2026,407,279,55,34.6583850931677,97.87262033968707,88.55593049331624,9.316689846370835,10.922837426640186,7.533243488257312,1.4499514642884588,182.0,221.0,39.0,93.7804821046722,82.85764467803202,14.645332599028,10.983681471555284,43.986072692138
671277,Luis García,2026,490,381,103,38.640973630831645,98.81472302289755,89.65010318986681,9.164619833030741,10.955077789100883,8.36653935247193,1.3093917721027821,174.0,220.0,46.0,95.09421359487484,84.13913580577396,15.095052402949442,11.178966651372216,43.986072692138
624585,Jorge Soler,2026,363,208,31,27.84471218206158,99.24781587565892,90.15183027698974,9.095985598669174,10.792939579946093,6.237700010412667,1.730275512116535,170.0,218.0,48.0,96.39709807725588,85.60415849730978,13.75673022645898,10.324719373452952,43.986072692138
686948,Drake Baldwin,2026,540,374,93,34.12408759124087,108.050889097521,99.14445371467134,8.90643538284965,12.56843938452161,7.617005483066841,1.650049932675271,101.0,162.0,61.0,109.97984540191553,97.41140601739392,13.46419188862393,10.12720592552561,43.986072692138
694192,Jackson Chourio,2026,501,344,73,33.95853899308983,102.85301182593253,94.0141680837002,8.838843742232328,10.862773704756222,7.232482441273063,1.501942630757933,137.0,193.0,56.0,102.13800541714208,91.27523171238586,12.554100904675114,9.310571389095363,43.986072692138
514888,José Altuve,2026,502,358,92,36.8692070030896,99.3498904845896,90.7582443307876,8.591646153801989,8.999880575091268,7.894792372834104,1.1399768543704532,168.0,213.0,45.0,96.85711644113684,87.85723586604557,12.993289758408665,8.419502704840975,43.986072692138
665019,Kody Clemens,2026,517,331,75,32.54670599803343,101.6544997875018,93.17130819087852,8.483191596623286,10.480720403643673,6.674115625672969,1.5703534357912587,150.0,203.0,53.0,100.22038727184386,89.73966686820019,13.358764916244075,10.0448673921973,43.986072692138
672640,Otto Lopez,2026,617,357,113,31.648936170212767,111.7634047412554,103.28098457362098,8.482420167634416,10.95738489971248,7.577606955809487,1.4460218065693993,76.0,139.0,63.0,114.02310730100906,103.06572240129658,10.256577685293612,6.53085423052314,43.986072692138
663968,Jake Mangum,2026,431,370,94,45.62268803945746,96.85566694456998,88.50603196130514,8.349634983264835,8.449136828007596,9.714789672934268,0.8697189658719197,187.0,223.0,36.0,93.10883843124692,84.65970160323933,13.036024937074837,9.0103753285519,43.986072692138
606192,Teoscar Hernández,2026,424,269,69,29.78959025470653,108.26020018444194,100.14429871735082,8.11590146709112,12.285658045646514,8.65142060453091,1.4200740672823473,98.0,157.0,59.0,110.7445864623503,98.45892841670378,14.859401088068145,10.958901752527249,43.986072692138
700932,Kyle Manzardo,2026,354,234,46,30.99337748344371,98.28529224954312,90.17409036980652,8.111201879736598,9.39490132028864,7.644348629377489,1.228999588556665,180.0,216.0,36.0,94.47466796111028,85.07976664082165,14.601202907467062,10.935831858900928,43.986072692138
643217,Andrew Benintendi,2026,430,284,70,33.21637426900585,108.41094936719855,100.53653491886438,7.8744144483341785,11.159692990944862,8.425406360127218,1.3245287543349256,93.0,154.0,61.0,110.60477166849368,99.44507867754882,13.69807463159867,9.194889735351952,43.986072692138
575929,Willson Contreras,2026,509,378,74,34.64711274060495,102.51244216830172,95.04395713450072,7.468485033801002,9.255949772542237,7.338430685486443,1.261298248799728,141.0,185.0,44.0,101.59197620927836,92.33602643673612,12.900239604852162,9.722780461861804,43.986072692138
687093,Vaughn Grissom,2026,399,240,56,32.04272363150868,110.72569276178578,103.43162920737102,7.2940635544147625,10.898128878647668,7.888195293086917,1.3815744252932742,83.0,136.0,53.0,113.85462894484756,102.9565000661999,13.022461777816872,10.146204734036411,43.986072692138
573262,Mike Yastrzemski,2026,359,201,47,26.27450980392157,120.28781066879408,113.35966111933698,6.928149549457103,14.004161867038704,8.046703390654013,1.7403601434227198,38.0,71.0,33.0,129.80052850072158,115.79636663368288,14.322862255637672,10.11251249843556,43.986072692138
655316,Andruw Monasterio,2026,327,181,34,26.656848306332844,123.15708685227548,116.51756651489124,6.639520337384241,13.994953187840522,7.826188826146956,1.7882207417592575,27.0,53.0,26.0,133.2343161734392,119.23936298559867,13.566984393587322,9.099018868765413,43.986072692138
547180,Bryce Harper,2026,615,452,104,32.10227272727273,107.93826061510006,101.34247670718192,6.595783907918147,8.520751823445394,7.250526469394241,1.17519077537514,102.0,150.0,48.0,109.19271300518652,100.67196118174112,11.02969175552844,7.953135019933169,43.986072692138
687637,Dylan Beavers,2026,298,150,37,24.077046548956663,122.72243447098585,116.16469617219326,6.557738298792586,13.090183436154561,8.877815017626531,1.4744825624508449,28.0,56.0,28.0,132.45179627755016,119.3616128413956,13.48801026900593,10.016472293301437,43.986072692138
676724,Jared Young,2026,311,182,47,28.217054263565892,101.5443118408542,95.0377537330228,6.50655810783141,7.885969451003618,9.036139100251413,0.8727144816511518,153.0,186.0,33.0,100.1909733938759,92.30500394287228,12.724881866531492,9.764206600048306,43.986072692138
664761,Alec Bohm,2026,563,276,88,26.640926640926644,118.55052873212676,112.13667295065048,6.413855781476286,10.016235012687659,7.170077170435276,1.3969494016031072,43.0,80.0,37.0,123.26526145360516,113.2490264409175,10.684717574523477,7.398030289668945,43.986072692138
553993,Eugenio Suárez,2026,444,281,45,28.732106339468302,104.81161481980524,98.4564101149704,6.355204704834847,8.475179956933857,6.053775699161714,1.3999824866500163,124.0,166.0,42.0,105.02184283199134,96.54666287505748,13.335204437671829,10.060347810895523,43.986072692138
645277,Ozzie Albies,2026,617,484,152,38.90675241157556,92.77465341561148,86.6404956053648,6.134157810246677,4.985612093145548,8.176036557204675,0.6097834884008996,206.0,229.0,23.0,88.17211765183526,83.18650555868972,11.640920744294,8.094109673555646,43.986072692138
676609,José Caballero,2026,416,307,87,35.49132947976879,85.1983935906514,79.1509049318437,6.047488658807708,2.649401371020545,9.061665532475411,0.29237465910936106,241.0,252.0,11.0,75.50062261138086,72.85122124036032,13.14947745375762,9.21555377377654,43.986072692138
800050,Chase DeLauter,2026,498,217,60,21.592039800995025,122.03545111728316,116.02883799639936,6.006613120883799,10.693160801587084,6.5805770521852205,1.6249579203751123,31.0,57.0,26.0,128.6209913364665,117.9278305348794,11.31104750972316,7.7674700617746035,43.986072692138
660271,Shohei Ohtani,2026,580,367,99,30.08196721311475,121.7345914563112,116.16492133244871,5.56967012386248,11.277998485380778,7.52826007511763,1.4980883195915038,32.0,55.0,23.0,130.83170302421914,119.55370453883836,13.409012793050966,10.3125634379963,43.986072692138
664023,Ian Happ,2026,578,318,48,24.72783825816485,118.24788905971674,112.73460241098212,5.513286648734621,7.6011182903241945,5.065431357235804,1.5005865748168208,46.0,76.0,30.0,121.5067884584832,113.905670168159,8.979802626751312,7.28976977002378,43.986072692138
668904,Royce Lewis,2026,447,311,56,33.36909871244635,83.414403438291,77.97812439798165,5.436279040309358,4.017203228108102,6.668828003477716,0.6023851906231765,248.0,254.0,6.0,75.75179241953039,71.73458919142229,11.180867924558578,8.973415624433393,43.986072692138
691723,Coby Mayo,2026,386,275,41,32.62158956109134,87.86101218822132,82.44570050612117,5.415311682100153,5.595752201947789,6.170799334484217,0.9068115650232057,231.0,242.0,11.0,79.31545519152826,73.71970298958047,13.299789934737802,11.609818125788973,43.986072692138
693304,Nick Gonzales,2026,555,330,89,31.57894736842105,98.89708941184782,93.61623212183515,5.280857290012662,5.555211856349601,7.052578289891073,0.7876852447440751,172.0,198.0,26.0,97.23551614341524,91.68030428706564,10.16284690602048,7.690113163473655,43.986072692138
668715,Spencer Steer,2026,383,203,44,26.432291666666668,98.81288436725386,93.55234089558876,5.260543471665102,5.729847729404241,6.2030357342225715,0.9237167049985349,175.0,200.0,25.0,96.9016198395862,91.17177211018196,10.8173886574736,8.503891425508687,43.986072692138
694384,Nolan Schanuel,2026,444,232,68,27.390791027154663,113.6531055307215,108.50079721401136,5.1523083167101476,8.22403480895909,7.403822736094135,1.1107822407560308,67.0,105.0,38.0,117.34319935428562,109.11916454532653,11.690969377465995,7.900254547151688,43.986072692138
607208,Trea Turner,2026,623,425,70,34.49675324675325,84.4031613870945,79.35713760166735,5.046023785427153,4.071014642163064,5.5305604090026526,0.7360944174004974,245.0,251.0,6.0,78.8941781428108,74.82316350064774,9.711792558453777,7.849430171883152,43.986072692138
677800,Wilyer Abreu,2026,621,401,102,30.24132730015083,113.35275016843264,108.34304695687705,5.009703211555589,7.913262003315481,6.97345346205885,1.1347694576826157,68.0,106.0,38.0,116.91019138666118,108.9969293833457,11.670017743912052,8.31584076066462,43.986072692138
691720,Kyle Karros,2026,408,220,42,24.80270574971815,116.04099848284072,111.07494682965697,4.966051653183754,7.880501611539884,6.5742192874726415,1.1986977110052293,57.0,88.0,31.0,120.4344644785552,112.55396286701531,11.372387581706125,9.250939451485394,43.986072692138
671218,Heliot Ramos,2026,389,272,47,34.17085427135678,87.5379456671028,82.58188860943079,4.956057057672012,3.515244393889674,7.17929446033828,0.48963646961543345,232.0,241.0,9.0,79.86553820355539,76.35029380966571,12.480768806425871,9.840794208087075,43.986072692138
701398,Sal Stewart,2026,625,400,110,31.03180760279286,98.45143074605356,93.5819150574124,4.869515688641158,4.993700499389064,6.632506567362938,0.7529130123989523,178.0,199.0,21.0,96.7066718923699,91.71297139298083,10.016896697050264,7.544580008268874,43.986072692138
656811,Ryan O'Hearn,2026,398,256,63,31.92019950124688,100.2113570682661,95.40536533074768,4.805991737518411,5.702518284249393,8.274415774409864,0.6891747332646093,161.0,183.0,22.0,97.822235989549,92.1197177052996,13.96532356546637,10.908788103610066,43.986072692138
694212,Samuel Basallo,2026,369,302,78,39.789196310935445,84.4376438654827,79.64136457954228,4.796279285940415,0.4739152574460803,9.65231496027239,0.04909861099608237,244.0,250.0,6.0,70.34037542475629,69.86646016731021,15.549119504245652,11.58967203204759,43.986072692138
665161,Jeremy Peña,2026,411,312,64,38.75776397515528,89.66048191776807,84.87951471964523,4.780967198122838,4.228808219028252,8.339769173555046,0.5070653792718356,220.0,237.0,17.0,81.36513821751048,77.13632999848222,13.880139053135805,11.577735161645348,43.986072692138
691023,Jordan Walker,2026,608,421,91,36.106346483704975,90.2821269634087,85.56763642571498,4.71449053769372,4.0457150406774645,6.633124801350498,0.6099259642836451,218.0,234.0,16.0,85.77591871622818,81.73020367555071,10.452854201181486,8.293242301453942,43.986072692138
672960,Kazuma Okamoto,2026,570,343,53,28.068739770867428,101.2568435470136,96.65763414045222,4.5992094065613855,5.264796996061719,5.00677739596767,1.051534066663689,155.0,179.0,24.0,100.386164554573,95.12136755851128,9.729683351775789,7.996958730044092,43.986072692138
695506,Jac Caglianone,2026,507,388,82,39.27125506072874,84.55816404391223,80.1016694632093,4.456494580702923,2.5059825036795473,7.602903653120346,0.3296086098172577,243.0,249.0,6.0,76.6769197133859,74.17093720970635,11.661387843958035,9.11045648866448,43.986072692138
669003,Garrett Mitchell,2026,472,220,30,22.56410256410257,123.67080733746609,119.22351893435112,4.4472884031149675,7.444425684493098,5.105203943623338,1.458203387504542,25.0,48.0,23.0,129.77724873808086,122.33282305358776,10.419275276114467,8.748263388411134,43.986072692138
667472,Dane Myers,2026,297,163,38,25.914149443561207,117.991594828839,113.6445268871824,4.347067941656604,8.777743892799037,8.905962127389607,0.9856031012981468,49.0,69.0,20.0,124.66203662482351,115.88429273202448,12.967826281847785,9.533358512793969,43.986072692138
695600,Carter Jensen,2026,543,282,47,24.0,106.43371541366425,102.30029322047584,4.133422193188409,5.34026316287617,5.015371947941163,1.0647790868368947,113.0,143.0,30.0,107.09181934801003,101.75155618513386,10.544838445601536,8.35730092886812,43.986072692138
691788,Joe Mack,2026,295,158,37,27.43055555555556,97.36040273601073,93.31839505861412,4.042007677396612,4.144687594910508,7.831433300803708,0.5292374250937125,184.0,202.0,18.0,92.88851024077528,88.74382264586477,14.742854681544504,11.670132984709376,43.986072692138
671976,Tristan Peters,2026,433,239,67,31.866666666666667,102.40349807913633,98.58331675423548,3.820181324900844,4.490282858649877,7.617088319214066,0.5895012202133934,143.0,165.0,22.0,101.55960922902712,97.06932637037724,12.011408438302732,9.04506233413214,43.986072692138
689414,Liam Hicks,2026,503,260,96,26.94300518134715,117.99923668170166,114.21601692661964,3.7832197550820155,7.268987265889081,7.980040739370251,0.9108960095938954,48.0,64.0,16.0,123.25700842450402,115.98802115861494,11.509822645643188,8.211250338006021,43.986072692138
682985,Riley Greene,2026,521,303,56,26.74315975286849,105.6259244293002,101.92273072100026,3.703193708299935,5.010352213127064,5.894232875831579,0.8500431385517976,120.0,145.0,25.0,106.0856099320742,101.07525771894714,11.363504036720382,9.737258777230448,43.986072692138
621566,Matt Olson,2026,623,381,98,27.95304475421864,114.15660408804652,110.5725625429336,3.5840415451129246,6.1049956035045625,6.541892600353459,0.9332155045123652,66.0,96.0,30.0,118.23799299028916,112.1329973867846,11.973526027460895,9.92440071049071,43.986072692138
664983,Jake McCarthy,2026,516,338,95,37.89237668161435,91.96018786621416,88.41347223126438,3.546715634949777,1.9462954863237059,7.823664330544938,0.24877032092558365,210.0,224.0,14.0,86.91162378259256,84.96532829626885,11.78628555461784,8.507466351170576,43.986072692138
663616,Trevor Larnach,2026,427,262,56,30.114942528735632,108.36924186027592,104.86535291019234,3.503888950083578,5.188555456181646,7.154734544077484,0.7251918885623236,94.0,126.0,32.0,110.00519030094377,104.81663484476212,11.890969271860806,9.794700454624644,43.986072692138
687462,Spencer Horwitz,2026,409,211,57,24.8527679623086,116.60141794807978,113.182909148656,3.4185087994237904,5.874851829592075,7.339392401525164,0.8004547935563779,52.0,73.0,21.0,120.9122560916954,115.03740426210332,11.00304950741904,8.917331160830779,43.986072692138
669477,Casey Schmitt,2026,407,263,63,36.78321678321678,88.4602007971388,85.08931483368455,3.370885963454242,0.8592245098004128,8.05850951900755,0.10662325430946826,226.0,236.0,10.0,80.76425237050918,79.90502786070877,12.856281884141934,9.523127655292225,43.986072692138
682928,CJ Abrams,2026,595,463,104,37.24859211584876,100.10100295764492,96.74406714812876,3.356935809516159,3.446970934557797,7.370390699531734,0.4676781835699422,164.0,177.0,13.0,97.94380087024864,94.49682993569084,13.099037442311255,9.722232685024364,43.986072692138
646240,Rafael Devers,2026,620,401,114,30.105105105105107,107.87479322064488,104.66121771468173,3.2135755059631492,4.5947295887362145,6.866406560339997,0.6691607245156631,103.0,129.0,26.0,109.18246393334076,104.58773434460454,11.36379715370692,8.200749281590568,43.986072692138
650489,Willi Castro,2026,479,395,79,37.76290630975143,86.1356434388598,82.94673028011502,3.188913158744782,1.3798227122841666,7.517822191897927,0.18354021644342997,237.0,240.0,3.0,76.10555798710085,74.72573527481669,13.711581064421509,11.395908183557832,43.986072692138
642086,Dominic Smith,2026,288,183,42,31.55172413793104,96.94254032670672,93.7856770252302,3.1568633014765197,3.0611073099335186,8.217302622777522,0.3725197245928904,186.0,197.0,11.0,93.56786020049324,90.50675289055972,12.44349262213668,10.083193120326948,43.986072692138
810938,Ben Williamson,2026,270,171,56,31.608133086876155,108.10592469353963,105.03976622654288,3.066158466996754,7.066333947137181,12.102979990214605,0.5838507502160949,100.0,125.0,25.0,112.10496557375546,105.03863162661828,19.241639995716323,11.810419251855658,43.986072692138
669065,Kyle Stowers,2026,448,310,41,33.549783549783555,84.60028086765337,81.53426149384018,3.066019373813191,1.1851091303345385,5.858962585249443,0.202272861976995,242.0,244.0,2.0,76.3786898476457,75.19358071731116,11.923178187143492,9.702849150823894,43.986072692138
668804,Bryan Reynolds,2026,630,316,46,25.09928514694202,104.76820336394582,101.74774948625898,3.0204538776868333,3.5013042688341613,4.116300729412877,0.8505948663603996,125.0,147.0,22.0,104.83160320726869,101.33029893843452,7.750440661586923,6.650076707701345,43.986072692138
641355,Cody Bellinger,2026,498,290,80,30.14553014553015,106.34033132974382,103.39090434440888,2.949426985334938,3.943560359168927,7.134344780569002,0.5527571880054846,114.0,138.0,24.0,107.06828125862909,103.12472089946016,11.354952197960037,7.500101595059375,43.986072692138
656941,Kyle Schwarber,2026,615,369,54,25.985915492957744,108.2347923308426,105.2856919139863,2.9491004168562966,4.24709319188014,5.122885836070819,0.829043107300162,99.0,122.0,23.0,109.59463785585038,105.34754466397024,11.029937099932132,9.424134059943592,43.986072692138
673962,Josh Jung,2026,394,218,43,28.98936170212766,102.81077179815236,99.91638880867212,2.894382989480235,3.4161661910469974,6.597470338772201,0.5177994012297069,138.0,159.0,21.0,102.28129275363632,98.86512656258932,10.659342594186263,8.460565842650855,43.986072692138
690993,Colt Keith,2026,399,185,49,24.666666666666668,114.2326337081481,111.46369370330028,2.7689400048478205,5.916462693550471,7.123749644552968,0.8305264767515202,64.0,83.0,19.0,119.08799132221743,113.17152862866696,13.008940733945824,9.63520542154802,43.986072692138
701675,Nathan Church,2026,412,348,107,42.80442804428044,96.4855161107335,93.7906154793336,2.6949006313999035,1.2264279189667207,10.474909242474263,0.11708243867104169,189.0,196.0,7.0,91.80621264546654,90.57978472649982,14.2236830060494,9.980134451503687,43.986072692138
664770,Nathan Lukes,2026,399,270,109,34.61538461538461,107.35147694459724,104.68390053738224,2.6675764072149946,4.779928791461444,10.661308495600094,0.4483435399542292,108.0,127.0,19.0,109.35458326201248,104.57465447055104,15.2632087135877,10.310425929947392,43.986072692138
682998,Corbin Carroll,2026,605,379,99,29.35708752904725,115.78382625533398,113.25852314079836,2.5253031145356175,5.362594352512261,6.997562719187543,0.7663517381284564,59.0,72.0,13.0,120.19292964864336,114.8303352961311,11.520650084670686,8.171741766729975,43.986072692138
608324,Alex Bregman,2026,651,304,89,23.60248447204969,130.38827734358068,127.90484319220464,2.483434151376045,6.5999576636525035,5.835359492147906,1.1310284606344212,9.0,20.0,11.0,138.01449379739634,131.41453613374384,10.02627391144585,7.320108960833097,43.986072692138
666018,Jonathan Aranda,2026,607,352,103,28.687856560717197,135.3100015085512,132.84060212386072,2.4693993846904903,9.914572759718453,7.3869553541189115,1.342173098987279,7.0,8.0,1.0,149.4273958624041,139.51282310268564,12.508134574992686,9.153154945850869,43.986072692138
696285,Jacob Young,2026,433,218,62,27.42138364779874,122.59868027123278,120.17970363475575,2.4189766364770264,7.595819056245006,7.946074828369457,0.9559209069018642,29.0,44.0,15.0,130.65611543020117,123.06029637395616,12.31618786194779,8.1500818366693,43.986072692138
699013,Esmerlyn Valdez,2026,281,138,23,20.909090909090907,124.30838575172652,121.9602113475288,2.348174404197721,6.646146667404821,7.407259833035147,0.8972476755525859,21.0,36.0,15.0,140.47582071787974,133.82967405047492,16.67990130086724,15.649066316540596,43.986072692138
669357,Nolan Gorman,2026,274,193,37,32.87904599659284,93.73519955584612,91.43944565455234,2.2957539012937787,0.3081341580140986,9.047210336325726,0.034058471789574725,202.0,210.0,8.0,82.66566082395589,82.35752666594179,18.84815188458434,15.2655081430221,43.986072692138
669364,Xavier Edwards,2026,570,273,85,23.59550561797753,129.24480753825384,126.96165769426892,2.2831498439849156,5.888856871475042,6.555522198169956,0.8983047716807334,11.0,22.0,11.0,136.41990701313753,130.5310501416625,9.946550300329726,7.539258201212111,43.986072692138
665862,Jazz Chisholm,2026,519,320,64,28.75112309074573,97.74982539697535,95.63192901827406,2.117896378701289,1.50550365175134,6.4684216097504565,0.23274667957356918,183.0,181.0,-2.0,95.0629607621269,93.55745711037557,11.75720336831764,8.771739219734375,43.986072692138
682829,Elly De La Cruz,2026,565,313,81,25.88916459884202,118.6579568902429,116.76133893235108,1.89661795789182,4.888390169016773,7.059778643465487,0.6924282496507812,42.0,52.0,10.0,124.46320378557375,119.57481361655698,11.811410453828714,9.15426583328504,43.986072692138
643289,Mauricio Dubón,2026,552,408,138,37.569060773480665,100.13448744853297,98.3115519525163,1.8229354960166688,1.184309504431397,8.977006112985068,0.13192700211246552,163.0,168.0,5.0,98.23382917474927,97.04951967031788,12.343584163490496,8.08976795287987,43.986072692138
805779,Jacob Wilson,2026,338,249,85,42.56410256410256,87.39448889218505,85.5908706298525,1.8036182623325487,-2.464764688803058,10.996691150104692,-0.22413693857170777,234.0,233.0,-1.0,77.79686237191056,80.26162706071362,13.90012035525599,9.779034266367168,43.986072692138
687401,Joey Ortiz,2026,366,227,54,31.79271708683473,98.79887888726624,97.13951038295548,1.6593685043107627,1.4055615718921217,8.118687074199284,0.17312670867176475,176.0,176.0,0.0,96.43070076376264,95.02513919187052,12.026138975307674,9.663498126715291,43.986072692138
666182,Bo Bichette,2026,617,515,133,41.10135674381484,99.28589035796776,97.68097845995466,1.6049118980130999,1.0715095599001216,8.018878063260564,0.13362337616896422,169.0,172.0,3.0,96.98062482388173,95.9091152639816,12.416727364024496,9.165803513932708,43.986072692138
695734,Daylen Lile,2026,599,454,130,38.11922753988245,95.8003675385971,94.21337773220915,1.5869898063879475,0.4686105052108047,8.314656703564658,0.05635957345177006,192.0,191.0,-1.0,91.98397302719648,91.51536252198568,12.32350243506589,9.325364307839028,43.986072692138
701538,Jackson Merrill,2026,593,456,107,37.1033360455655,91.74685289205496,90.1670819207407,1.579770971314261,-0.24068124478948505,7.192471463820195,-0.033462940520538415,212.0,217.0,5.0,85.42923882227869,85.66992006706818,13.073118011904668,10.272484218374965,43.986072692138
678554,Curtis Mead,2026,331,185,48,25.204359673024523,123.2549247425518,121.6847567977087,1.5701679448430923,6.529242723764781,8.939588344913092,0.7303739805289945,26.0,38.0,12.0,132.40777013676154,125.87852741299676,12.896168714274063,9.37864193412514,43.986072692138
663993,Nathaniel Lowe,2026,390,231,49,28.068043742405838,96.73747566429569,95.21368075289509,1.5237949114006,0.625671956803302,6.558609471323263,0.09539704407450664,188.0,184.0,-4.0,93.07968319862532,92.45401124182202,12.780571820192856,9.899605476359907,43.986072692138
676475,Alec Burleson,2026,611,472,143,38.064516129032256,107.0286266464672,105.59177813735457,1.436848509112636,2.4916614023400996,8.490926053369671,0.2934499001261788,110.0,120.0,10.0,108.24340579723084,105.75174439489074,12.596757197717771,10.083285712326973,43.986072692138
669394,Jake Burger,2026,549,406,69,36.185383244206776,79.18678155667641,77.80389595064129,1.3828856060351171,-1.610735689956229,5.877423917612521,-0.27405470705106616,257.0,255.0,-2.0,70.32797342885614,71.93870911881237,10.968139701872971,8.669419425467545,43.986072692138
693307,Dillon Dingler,2026,557,388,90,34.18502202643172,88.16342065900781,86.84689280994009,1.3165278490677252,-2.268076817629364,7.334049219228284,-0.30925301287629203,229.0,228.0,-1.0,81.12510596331201,83.39318278094137,12.181884631311805,8.139556728049799,43.986072692138
666126,Carlos Cortes,2026,340,192,50,27.42857142857143,111.04371092001898,109.7314787249772,1.312232195041787,3.4456741931596753,8.24188558229497,0.4180686760031702,81.0,100.0,19.0,114.61017742558924,111.16450323242957,13.565987694305852,10.328444337904156,43.986072692138
677942,Blaze Alexander,2026,288,164,39,29.92700729927008,112.29934892098728,111.0475849187458,1.2517640022414867,3.7645490577635456,9.08283499599617,0.41446850674079266,73.0,91.0,18.0,116.72232136376998,112.95777230600643,13.853648112912156,10.537184284348696,43.986072692138
681297,Colton Cowser,2026,352,230,42,29.411764705882355,95.743528512572,94.52790451018922,1.215624002382782,0.4348841408173172,7.948630752589648,0.05471183079873635,193.0,190.0,-3.0,91.92842231384196,91.49353817302465,12.280935467334498,10.036398497423049,43.986072692138
608348,Carson Kelly,2026,384,194,43,24.808184143222505,104.71759233067058,103.54418169959897,1.1734106310716186,1.6633442515127115,6.5108769760075615,0.25547161429130033,126.0,133.0,7.0,104.83300460607003,103.16966035455732,11.276203175654242,9.340353621966576,43.986072692138
683953,Travis Bazzana,2026,451,247,48,26.58772874058127,114.9009183869975,113.76523509868744,1.1356832883100623,2.7856673830647196,6.2998881501410215,0.4421772762747166,63.0,68.0,5.0,118.91173227905465,116.12606489598993,11.440879088650515,9.719657797713747,43.986072692138
664702,Myles Straw,2026,292,124,49,22.6691042047532,110.5010161208441,109.4906054459004,1.0104106749436994,2.873497209727759,9.393924590922751,0.30588889466968777,86.0,101.0,15.0,113.62660641886342,110.75310920913566,13.253245659105598,9.953511067491554,43.986072692138
691777,Max Muncy,2026,272,184,21,33.273056057866185,82.05429586126743,81.07031149822316,0.9839843630442715,-0.2531153210599797,6.1001881541397065,-0.04149303507764932,255.0,247.0,-8.0,70.96908985176452,71.2222051728245,13.032474677740389,11.974680104084628,43.986072692138
683146,Brett Baty,2026,430,249,35,29.43262411347517,98.3464719564573,97.37046908403464,0.9760028724226544,0.5963079788802474,5.76885486572417,0.10336678470162766,179.0,174.0,-5.0,96.38386015815072,95.78755217927048,10.531468470062926,8.486199853207513,43.986072692138
683357,Owen Caissie,2026,323,211,26,30.09985734664765,82.06049583263324,81.09965737178986,0.9608384608433767,-0.8310348220317678,6.579805911357321,-0.1263008108791369,253.0,245.0,-8.0,71.10712217439257,71.93815699642434,12.956544659373124,11.556779925931124,43.986072692138
572233,Christian Walker,2026,568,378,66,31.5,82.05827633577084,81.09907954583093,0.9591967899399094,-0.7465605710404049,5.8893393875693665,-0.1267647391176285,254.0,246.0,-8.0,75.64997186112569,76.3965324321661,9.9098081557276,8.279705286823761,43.986072692138
662139,Daulton Varsho,2026,489,358,100,35.83583583583583,95.51567553303384,94.6004506733443,0.9152248596895447,-0.6563627970786996,8.726226158320527,-0.07521725717054129,194.0,188.0,-6.0,91.2425454038931,91.8989082009718,12.829619260488732,9.502835034141455,43.986072692138
571970,Max Muncy,2026,493,272,41,25.85551330798479,102.30585954719233,101.46089251131122,0.8449670358811119,0.930681987021643,5.770360507314226,0.16128662773182995,146.0,149.0,3.0,101.8094302867423,100.87874829972066,8.99592862422263,7.532033760108075,43.986072692138
805999,A. J. Ewing,2026,426,230,52,26.31578947368421,107.7097016063761,106.99447967522016,0.7152219311559378,1.5397669459753587,7.170272419060829,0.21474315841643282,104.0,111.0,7.0,108.93117884770312,107.39141190172776,11.254029840530984,8.425091312478765,43.986072692138
702222,Justin Crawford,2026,416,280,88,37.58389261744966,100.18761872298204,99.48549973383555,0.7021189891464843,-0.225176068274763,9.923129271285418,-0.022692042209543264,162.0,161.0,-1.0,98.0490412511696,98.27421731944436,13.17556396142666,8.722495024466797,43.986072692138
680869,Zack Gelof,2026,369,174,42,24.892703862660944,119.63714758718892,118.9587709207544,0.6783766664345166,4.457761712506155,7.528320858987957,0.5921322690682207,39.0,49.0,10.0,128.65153445235967,124.19377273985351,14.237368552159325,11.458848541160302,43.986072692138
681715,Heriberto Hernandez,2026,428,219,34,24.496644295302016,111.68584854327726,111.04764934880014,0.6381991944771244,1.5374149228732819,5.723771802151987,0.2686017150954995,77.0,90.0,13.0,114.43125709246436,112.89384216959108,11.365321067986976,10.359118186947471,43.986072692138
608369,Corey Seager,2026,359,206,40,27.61394101876676,91.44305499654864,90.8505850205842,0.5924699759644341,-0.5984685658452236,7.078145922582285,-0.08455160043195142,214.0,212.0,-2.0,86.19827617995162,86.79674474579684,11.771096062447048,9.98512614872631,43.986072692138
543760,Marcus Semien,2026,489,255,54,27.83842794759825,101.688138027411,101.13617371842716,0.5519643089838411,0.43648997939467904,6.09214960506068,0.0716479416447836,149.0,152.0,3.0,100.98202190113388,100.5455319217392,9.431551020066326,7.264643764851646,43.986072692138
678391,Jorbit Vivas,2026,326,175,38,28.363047001620743,105.01315775537915,104.55892595595046,0.4542317994286975,0.7864724955473434,7.1925814574667495,0.10934495496479808,123.0,131.0,8.0,105.22698057006468,104.44050807451734,10.988963547526716,9.244260320117965,43.986072692138
679529,Spencer Torkelson,2026,547,261,34,22.1750212404418,100.0892713865671,99.6622355198108,0.4270358667562988,0.29556360168096774,4.489197351257057,0.06583885237261947,165.0,160.0,-5.0,99.00728257812396,98.711718976443,9.264340493512975,7.852647908325604,43.986072692138
656775,Cedric Mullins,2026,462,302,96,31.198347107438018,86.57712421133877,86.20916389378873,0.3679603175500432,-1.3817763691264418,7.667580517470161,-0.18021021963553432,236.0,230.0,-6.0,80.0306689895147,81.41244535864114,11.213718131923608,9.428652429751748,43.986072692138
681624,Andy Pages,2026,553,382,87,31.93979933110368,95.31152700980432,94.98466161703168,0.32686539277264615,-1.2725709611382428,7.0477180747616615,-0.18056496409744346,195.0,187.0,-8.0,91.6465545878004,92.91912554893864,11.747528421378112,8.466504466779305,43.986072692138
657041,Lane Thomas,2026,374,161,28,20.774193548387096,126.3317419657765,126.04287108275298,0.28887088302352026,2.4828731650694635,6.113338747653597,0.40614028889245374,14.0,25.0,11.0,132.90864865324775,130.4257754881783,10.135809408712383,8.53514606883355,43.986072692138
691406,Junior Caminero,2026,622,416,127,30.101302460202607,111.2993310018708,111.05493754508818,0.2443934567826176,2.0044015044403523,7.40712316941663,0.2706045867734929,79.0,89.0,10.0,115.52182082821948,113.51741932377912,14.48472849071763,11.956591303404569,43.986072692138
665750,Leody Taveras,2026,448,288,61,30.934479054779807,96.95802562395504,96.73794748064095,0.22007814331408326,-0.6527727668261178,7.295756938517989,-0.0894729323258839,185.0,178.0,-7.0,94.09178626817062,94.74455903499674,11.479769791264548,9.153294727928929,43.986072692138
686611,Dylan Crews,2026,381,236,38,32.46217331499312,100.2263943378538,100.03475694307456,0.19163739477924935,0.08504694144416192,6.493284412268301,0.01309767692964067,160.0,158.0,-2.0,98.5904072144602,98.50536027301604,11.577147604149427,10.324685527432113,43.986072692138
682177,Daniel Schneemann,2026,280,191,27,33.39160839160839,88.62022862564493,88.55283973372923,0.06738889191569797,-2.14939110932238,8.149408651394845,-0.2637481075334825,225.0,222.0,-3.0,80.10746664835975,82.25685775768213,13.589694590350115,11.54427991556139,43.986072692138
805367,Chase Meidroth,2026,580,337,90,28.27181208053691,116.17336564455532,116.19960932091828,-0.02624367636296654,1.8841008790679439,6.844399365617249,0.27527629210719357,55.0,54.0,-1.0,120.08181221727985,118.1977113382119,10.665801444233184,7.90637465007486,43.986072692138
702616,Jackson Holliday,2026,332,171,43,26.552795031055897,110.70098856357274,110.75054566222518,-0.04955709865244273,1.8324143835385769,8.695456002702034,0.21073240816458283,84.0,93.0,9.0,113.98099536217428,112.1485809786357,13.35926976165528,9.246166629749611,43.986072692138
694497,Evan Carter,2026,412,168,27,20.437956204379564,126.74147245153944,126.80958601257733,-0.06811356103789024,2.2757551548461095,4.832523828572551,0.47092476634891844,13.0,23.0,10.0,132.68713509730628,130.41137994246017,9.548324534032126,7.599809198766898,43.986072692138
691718,Pete Crow-Armstrong,2026,648,466,91,33.84168482207698,104.46572512315318,104.58586706465556,-0.12014194150238211,0.021353392930976156,6.715126067159968,0.0031798945719580746,127.0,130.0,3.0,104.48885177176864,104.46749837883766,11.587348490715115,9.51101832326875,43.986072692138
691016,Tyler Soderstrom,2026,450,238,41,26.125137211855105,103.1356681582894,103.42474698341974,-0.289078825130332,-0.34948992627242603,5.5860762622709155,-0.06256447457277417,134.0,137.0,3.0,102.76457652331074,103.11406644958316,9.999398074065502,8.187081501334754,43.986072692138
663886,Tyler Stephenson,2026,419,194,23,22.716627634660423,110.8550200666628,111.15413231239845,-0.29911224573564255,0.4803576729528345,4.58406028060643,0.10478869027640438,82.0,87.0,5.0,112.81091284727611,112.33055517432328,10.192198480706123,8.19689208967365,43.986072692138
807712,Luke Keaschall,2026,543,240,68,23.4375,113.04762229832372,113.43977675991631,-0.3921544615925967,0.4720316602996064,5.889798117134593,0.08014394566876114,70.0,70.0,0.0,115.04938562867748,114.57735396837788,8.90727086947076,6.876481628394859,43.986072692138
673548,Seiya Suzuki,2026,565,286,67,22.308892355694223,120.88115184820302,121.309063462346,-0.4279116141429853,1.2255134488898705,5.771576191306753,0.21233600809701858,34.0,40.0,6.0,126.28511020307135,125.05959675418148,10.599086509192077,8.971031196496128,43.986072692138
672275,Patrick Bailey,2026,307,194,32,30.647709320695103,89.98031959893827,90.45704873678804,-0.4767291378497731,-1.6394321487263852,7.375876918751367,-0.22226945579291446,219.0,215.0,-4.0,84.55849180724051,86.1979239559669,11.345172646441114,10.09580677768291,43.986072692138
680777,Ryan Jeffers,2026,325,183,50,25.594405594405597,131.4288372081803,131.96843104797654,-0.5395938397962254,8.2712867898191,8.507380676211811,0.9722483458330633,8.0,11.0,3.0,149.0276232281832,140.7563364383641,14.934794625103082,10.673344444047713,43.986072692138
647304,Josh Naylor,2026,575,401,152,38.11787072243346,94.90789871151414,95.4701730820574,-0.562274370543264,-2.1900788861042457,8.774739554960755,-0.24958904733144993,197.0,182.0,-15.0,91.05251262630468,93.24259151240892,11.79006509186044,9.012556660868867,43.986072692138
808982,Jung Hoo Lee,2026,538,304,91,31.83246073298429,107.34729197062003,107.97015951815388,-0.6228675475338434,-0.1374034399746904,7.392680153264833,-0.018586417527344103,109.0,108.0,-1.0,108.24979276761997,108.38719620759466,10.252421718173451,7.051427118158074,43.986072692138
518692,Freddie Freeman,2026,598,382,101,29.339477726574504,118.0492605771281,118.71878602212796,-0.6695254449998629,1.3153386155746034,7.007370169579972,0.18770788237856798,47.0,50.0,3.0,122.54359593243336,121.22825731685876,10.621914825673654,8.002967544855155,43.986072692138
660821,Jesús Sánchez,2026,296,228,59,38.12709030100335,102.37612791342862,103.12299681324922,-0.7468688998205977,-1.5930634110163169,11.276725321392746,-0.14127003767611176,144.0,141.0,-3.0,100.50503026926046,102.09809368027678,17.764490079841252,13.651407092326862,43.986072692138
683737,Michael Busch,2026,643,336,71,25.60975609756097,106.6368367022584,107.52611468458576,-0.8892779823273571,-0.7536351804282759,5.499253395515646,-0.13704318136036903,112.0,109.0,-3.0,107.13782965442265,107.89146483485092,8.771440804087558,7.165790500742899,43.986072692138
502671,Paul Goldschmidt,2026,356,237,71,32.599724896836314,102.3161248913798,103.27860520538766,-0.9624803140078626,-1.612028276294339,10.187372222049776,-0.15823788913938266,145.0,140.0,-5.0,101.11770286361065,102.72973113990498,14.011538905124542,10.42147977504361,43.986072692138
545361,Mike Trout,2026,555,267,37,21.156893819334396,119.24705514185725,120.32893212955364,-1.0818769876963898,-0.15870462840280197,4.920003792458858,-0.03225701342874099,40.0,43.0,3.0,122.9677003819892,123.126405010392,9.266270238750357,7.992335881446038,43.986072692138
669016,Brandon Marsh,2026,523,367,87,36.22902270483712,83.65646957858806,84.76449021663592,-1.1080206380478614,-4.032684311320963,8.026935757215407,-0.5023939935854085,247.0,238.0,-9.0,76.56752417451443,80.6002084858354,10.816741567942676,8.466396657628684,43.986072692138
641487,J. P. Crawford,2026,413,166,50,18.94977168949772,137.43396862548832,138.58856677188678,-1.154598146398456,4.302262360104265,7.053227087038226,0.6099707704024685,6.0,6.0,0.0,149.8260471195314,145.52378475942714,11.335833128504516,8.494783016441525,43.986072692138
695657,Colson Montgomery,2026,571,371,39,32.86093888396812,68.71030895019587,69.92020191710391,-1.2098929669080434,-2.891520171401403,4.598675831931488,-0.6287723416649129,261.0,261.0,0.0,61.27779301692049,64.1693131883219,8.444482152596471,7.559929078289328,43.986072692138
660670,Ronald Acuña,2026,403,259,64,28.46153846153846,109.46139049714137,110.70659997030263,-1.2452094731612675,-0.4161471533110017,8.704625780698201,-0.047807586884869205,90.0,94.0,4.0,112.3900618743794,112.8062090276904,14.086626684378931,11.374967351850172,43.986072692138
805811,Bryce Eldridge,2026,416,232,40,24.81283422459893,120.70539642022248,122.02475250374113,-1.3193560835186418,1.4564975262627513,6.87532627522919,0.21184413189382764,35.0,34.0,-1.0,129.16163823443046,127.7051407081677,13.330001342833,10.805256046560425,43.986072692138
666152,David Hamilton,2026,352,203,48,28.67231638418079,92.46621898123053,93.81397395334524,-1.3477549721147142,-3.0418997027863526,7.486925915608765,-0.4062948848531533,207.0,195.0,-12.0,87.78740334648073,90.82930304926708,11.584409062370367,9.632237107051644,43.986072692138
670042,Luke Raley,2026,284,204,20,34.93150684931507,62.58414754098942,64.02970455445222,-1.4455570134628033,-4.2876982450363315,6.273811959135685,-0.6834279179809891,265.0,266.0,1.0,48.56104578520646,52.84874403024279,10.716033425631013,9.75487403848184,43.986072692138
680757,Steven Kwan,2026,567,226,88,20.124666073018695,142.8890401528212,144.37689011073212,-1.4878499579109246,2.961102161169748,6.8290072463437905,0.43360653376888775,4.0,4.0,0.0,152.123029055314,149.16192689414424,9.065287879447132,6.516274412654939,43.986072692138
592885,Christian Yelich,2026,445,234,42,24.349635796045785,98.6843811424124,100.23178453582872,-1.5474033934163174,-2.4964716462648227,5.81930434072144,-0.42899829603263645,177.0,156.0,-21.0,96.63927429034986,99.13574593661468,11.063387235180285,8.917552670473059,43.986072692138
686555,Isaac Collins,2026,477,198,36,21.382289416846653,117.96156974583494,119.53347073320242,-1.571900987367485,-0.6482753579856961,5.027511803559385,-0.12894556657763176,50.0,47.0,-3.0,121.0559082053642,121.7041835633499,8.842076323045697,7.230967004613846,43.986072692138
670623,Isaac Paredes,2026,586,374,112,27.703703703703702,122.2415837755871,124.0526682154779,-1.8110844398907915,0.7810641018695605,7.325153634913307,0.10662767510388257,30.0,28.0,-2.0,128.43733234022136,127.6562682383518,10.907611026870857,8.134275321067948,43.986072692138
641857,Ryan McMahon,2026,323,184,32,28.70514820592824,89.64888152043139,91.47179360244763,-1.822912082016245,-4.5597048157462154,7.375078711922589,-0.6182584612114003,221.0,209.0,-12.0,82.74578283380296,87.30548764954918,12.656916357236945,10.35177963350866,43.986072692138
666176,Jo Adell,2026,587,445,79,36.50533223954061,88.79310731061842,90.62680226751328,-1.8336949568948597,-3.7936007582984246,6.358071792293532,-0.596659000122735,224.0,214.0,-10.0,82.75209556283829,86.54569632113672,11.511194620577909,9.94058322675583,43.986072692138
681198,TJ Rumfield,2026,569,357,89,30.40885860306644,99.67471368534258,101.62571793619652,-1.9510042508539414,-2.5912476762572396,6.451500664476445,-0.4016503773339572,167.0,148.0,-19.0,98.43453399898134,101.02578167523858,9.474066474918704,7.82851826681348,43.986072692138
694671,Wyatt Langford,2026,400,218,47,27.38693467336684,116.58697105265776,118.57246772530787,-1.9854966726501146,-0.4879305569425867,7.21662180218372,-0.06761204484831683,53.0,51.0,-2.0,121.13584557768634,121.62377613462893,11.309452778339953,8.872351063692454,43.986072692138
671056,Iván Herrera,2026,637,383,97,28.905660377358487,102.93057954732478,105.18339776012492,-2.252818212800136,-2.676801982179555,6.407856863007207,-0.4177374806283254,136.0,124.0,-12.0,102.5309269309065,105.20772891308606,9.629256432187674,7.766658369105607,43.986072692138
678246,Miguel Vargas,2026,619,268,86,21.15232833464877,143.0173321415613,145.36575258345076,-2.348420441889459,4.1854978891448695,6.405873899263138,0.6533843711201252,3.0,3.0,0.0,157.16576978350952,152.98027189436465,11.202590188056586,8.118698038621565,43.986072692138
670541,Yordan Álvarez,2026,597,384,100,29.17933130699088,108.92127027998632,111.32429239433009,-2.40302211434377,-2.437820652710485,7.198072341637338,-0.33867687583644884,91.0,86.0,-5.0,110.61416842950014,113.05198908221062,11.332516341884142,9.798011801221278,43.986072692138
607043,Brandon Nimmo,2026,587,317,76,28.63595302619693,106.08434682152284,108.52882582257448,-2.444479001051633,-2.515180327197129,6.340239257230932,-0.3967011693334143,115.0,104.0,-11.0,106.59313425783787,109.108314585035,10.191542332988291,7.617061162911633,43.986072692138
683083,Nasim Nuñez,2026,464,233,62,25.74585635359116,112.94862854101002,115.53554032702388,-2.5869117860138573,-1.9122193116637476,6.984558559396929,-0.27377812003466906,71.0,60.0,-11.0,115.37452071770298,117.28674002936673,9.86225289528894,7.632410164629578,43.986072692138
542303,Marcell Ozuna,2026,278,179,37,26.75635276532137,100.87759755360588,103.48460004467051,-2.607002491064634,-4.35172029446197,8.71907124253654,-0.4991036514568005,159.0,134.0,-25.0,98.32100391117255,102.67272420563452,15.751214047515248,13.486606432785615,43.986072692138
695731,Braden Montgomery,2026,308,169,27,27.170418006430868,103.0672028492482,105.71821766636822,-2.6510148171200143,-3.3190033834364385,6.693795399818153,-0.49583281011645564,135.0,118.0,-17.0,102.57257365687504,105.89157704031147,11.245551823033548,9.463837296956475,43.986072692138
596019,Francisco Lindor,2026,385,270,71,29.96670366259712,102.01805613770924,104.67240088989529,-2.6543447521860486,-3.9216214661242788,8.884482105548061,-0.44140124540015196,148.0,128.0,-20.0,100.61980196931222,104.5414234354365,14.158969501264272,11.112704199784208,43.986072692138
666139,Josh Lowe,2026,300,240,56,35.450516986706056,102.80174169390142,105.49522222192644,-2.6934805280250202,-4.09675908439614,10.670044121367285,-0.38394959175400034,139.0,121.0,-18.0,101.6015672341571,105.69832631855324,16.00306049134763,12.515158799162291,43.986072692138
669224,Austin Wells,2026,344,210,27,29.126213592233007,95.86694666076215,98.61514450474978,-2.748197843987626,-4.329024605004577,5.707965118755871,-0.7584181954405753,191.0,164.0,-27.0,92.36904918990038,96.69807379490496,11.843974148379402,10.203324438667572,43.986072692138
668227,Randy Arozarena,2026,594,388,105,30.74484944532488,120.59037135324076,123.38992230410597,-2.7995509508652106,0.3460750798158472,7.794162202417395,0.044401831887526076,37.0,29.0,-8.0,128.1213779867348,127.77530290691897,12.624259839651431,9.133972880956458,43.986072692138
802139,JJ Wetherholt,2026,583,244,75,21.217391304347828,125.114077350763,127.94177222658898,-2.8276948758259834,-1.3897568445717923,5.789494238342277,-0.2400480572841412,19.0,19.0,0.0,130.39988429494628,131.78964113951807,9.349985389522624,7.658481135199396,43.986072692138
680776,Jarren Duran,2026,565,376,60,34.91179201485608,64.17203520090912,67.00635785698633,-2.8343226560772052,-5.254743912471021,5.705921842279811,-0.9209281265534263,263.0,263.0,0.0,55.266684889768,60.52142880223902,8.706479610249863,7.7142930866425905,43.986072692138
608070,José Ramírez,2026,472,307,90,29.293893129770996,107.54056869972044,110.45278143290348,-2.91221273318304,-2.8573340719324847,8.39911077019799,-0.34019483134702483,107.0,97.0,-10.0,109.05217833041463,111.90951240234712,12.85284635167714,9.694520488457703,43.986072692138
663586,Austin Riley,2026,566,408,75,32.92978208232446,74.03482790602821,76.96373153165408,-2.928903625625864,-5.915042269184653,6.000597111385363,-0.9857422785411837,260.0,256.0,-4.0,64.68552230675553,70.60056457594018,10.267651330574482,8.893837064939431,43.986072692138
665833,Oneil Cruz,2026,354,259,45,31.3180169286578,103.8968382840594,106.84194017055265,-2.945101886493248,-4.149456784094809,8.517657103803494,-0.48715940704420957,130.0,113.0,-17.0,103.5835946914108,107.7330514755056,14.504991134215198,13.14777754282933,43.986072692138
805808,Kevin McGonigle,2026,632,251,75,19.7172034564022,126.26245036446574,129.3890842885782,-3.1266339241124683,-1.2109800196260494,5.629396128745381,-0.21511721540476128,15.0,16.0,1.0,131.16277420367663,132.37375422330268,8.762889659919237,6.541425936748976,43.986072692138
656305,Matt Chapman,2026,348,186,49,26.308345120226303,104.11557250173978,107.28947241545842,-3.1738999137186426,-4.00729360462951,7.779275806551647,-0.5151242486163812,129.0,110.0,-19.0,103.98141250200182,107.98870610663133,12.562072373693857,10.42233058942711,43.986072692138
682626,Francisco Álvarez,2026,374,277,51,32.0973348783314,88.43513510640908,91.67801895445352,-3.2428838480444426,-7.729153365628548,8.015466408920814,-0.9642799272449556,227.0,208.0,-19.0,77.50224350176778,85.23139686739633,15.311254532333145,12.975697015323703,43.986072692138
686469,Vinnie Pasquantino,2026,426,277,62,30.141458106637646,110.46760490946924,113.79810400141784,-3.330499091948596,-3.14177036542398,7.4247009017400885,-0.42315110157335223,87.0,67.0,-20.0,112.73658954592204,115.87835991134602,11.323110909596071,9.10668457924973,43.986072692138
808959,Munetaka Murakami,2026,470,253,34,22.36958443854996,108.35875200417044,111.72812092914116,-3.369368924970715,-3.850890354092442,5.117701527824648,-0.7524648190511645,95.0,82.0,-13.0,109.64257545461948,113.49346580871192,10.54777153024788,9.600407867717337,43.986072692138
592626,Joc Pederson,2026,418,257,63,29.953379953379955,102.46998414385224,105.99636985546398,-3.526385711611738,-4.902578652621926,7.957135654782177,-0.6161235481357559,142.0,116.0,-26.0,101.3984282886328,106.30100694125473,13.76537342161879,10.558766351312302,43.986072692138
605137,Josh Bell,2026,568,366,106,30.247933884297524,105.57078019542888,109.13329994021268,-3.562519744783799,-4.053332460349935,7.602717173887251,-0.5331426077865626,121.0,103.0,-18.0,106.04001617766713,110.09334863801706,11.749738288687976,9.050872782422598,43.986072692138
543807,George Springer,2026,463,239,50,25.344644750795336,111.193702118215,114.84413225366453,-3.6504301354495254,-3.9371452970898417,6.032743248001606,-0.6526293487451256,80.0,63.0,-17.0,113.30553473724962,117.24268003433946,10.323081098610327,9.242078942947009,43.986072692138
677587,Brayan Rocchio,2026,532,358,95,33.741753063147975,94.43645553092828,98.11472716855016,-3.678271637621876,-5.575740786299107,7.627987565439676,-0.7309582951552337,200.0,169.0,-31.0,91.2224703752829,96.798211161582,10.507169389011889,8.144328848078953,43.986072692138
680700,Richie Palacios,2026,354,248,67,32.375979112271544,101.44852565899537,105.25775427024016,-3.809228611244791,-5.313356013322959,9.101666248335206,-0.5837783839079828,154.0,123.0,-31.0,100.01701431010788,105.33037032343084,12.87361193019672,10.853983839997456,43.986072692138
687859,Troy Johnston,2026,415,287,73,36.19167717528373,98.16835925196314,102.03141525832328,-3.8630560063601393,-6.35538572327134,9.032168366486712,-0.7036389785261971,181.0,144.0,-37.0,94.76564481057736,101.1210305338487,13.667669045234945,10.2727268799483,43.986072692138
656716,Zach McKinstry,2026,396,205,51,28.954802259887007,104.22154281804076,108.11815179249048,-3.8966089744497197,-4.610474507788169,7.439948285742621,-0.6196917412212863,128.0,107.0,-21.0,104.1587864300353,108.76926093782347,10.772962347859451,8.596231678586376,43.986072692138
805300,Jakob Marsee,2026,556,231,52,21.38888888888889,125.9436483688886,129.8730279142209,-3.9293795453322957,-2.162516563363596,5.696818186325257,-0.37960076882118843,16.0,13.0,-3.0,131.4731253516159,133.6356419149795,9.377083045450004,7.27269093786656,43.986072692138
593428,Xander Bogaerts,2026,544,247,65,23.23612417685795,125.4273992257541,129.39839245342995,-3.970993227675848,-1.9411170625479883,6.543951349258265,-0.2966276732433238,17.0,15.0,-2.0,131.32017763175227,133.26129469430026,9.798380558893689,7.440431588383794,43.986072692138
665487,Fernando Tatís,2026,626,306,84,26.44770959377701,101.56014748106924,105.59992753979508,-4.039780058725839,-4.833855055284602,6.41620597397539,-0.7533821505872907,152.0,119.0,-33.0,100.85029804866772,105.68415310395233,9.241411674334875,7.262918684751807,43.986072692138
669127,Shea Langeliers,2026,414,276,65,32.432432432432435,99.7695616380084,103.91789755158446,-4.148335913576062,-6.479104878303843,8.277603253439928,-0.7827271590494892,166.0,132.0,-34.0,96.92440616896414,103.40351104726798,14.49585386443026,12.63476785424403,43.986072692138
641680,Jonah Heim,2026,352,225,66,33.582089552238806,91.77338945181964,96.0863812350164,-4.312991783196765,-8.151052967192427,9.46248612946608,-0.8614071244775868,211.0,180.0,-31.0,85.36312521332881,93.51417818052124,13.18245339601966,10.01226877478778,43.986072692138
669707,Jared Triolo,2026,334,156,38,25.32467532467532,111.34548940974643,115.73640737411436,-4.3909179643679295,-4.518963158540259,7.916891561223587,-0.5708001838339991,78.0,59.0,-19.0,113.97333021396588,118.49229337250614,11.388754539066808,9.484335513386537,43.986072692138
661388,William Contreras,2026,578,309,93,28.24497257769653,101.58166257804976,105.9859191164454,-4.404256538395643,-5.418333086484921,6.564405400565731,-0.8254111006029519,151.0,117.0,-34.0,100.74665831941388,106.1649914058988,10.06113601488359,8.140076356253465,43.986072692138
668939,Adley Rutschman,2026,359,200,61,25.54278416347382,123.96013162421188,128.36670942189707,-4.406577797685188,-1.5374688295086685,9.207051599958906,-0.16698818430815907,22.0,18.0,-4.0,135.4825184897183,137.01998731922697,14.2061889575278,11.379683781360304,43.986072692138
682657,Angel Martínez,2026,369,291,88,42.23512336719884,88.39481865247856,92.85700383939556,-4.462185186916997,-11.542712038470626,11.121722116264566,-1.037852943798191,228.0,204.0,-24.0,76.27428052702759,87.81699256549821,16.10114499123164,12.01530002032466,43.986072692138
677951,Bobby Witt,2026,557,382,108,32.93103448275862,102.0541324896196,106.63608288792037,-4.581950398300762,-5.896135827671685,7.85348422955201,-0.750766876883131,147.0,114.0,-33.0,101.15035599427412,107.0464918219458,11.47027185928009,9.48151626298968,43.986072692138
657757,Gavin Sheets,2026,412,297,82,31.03448275862069,82.23530939496192,86.895338815903,-4.660029420941086,-9.365525194295444,8.432996830819452,-1.1105808981295888,252.0,227.0,-25.0,72.49471640063567,81.86024159493111,12.2662935876531,9.841032665565576,43.986072692138
686681,Michael Massey,2026,391,279,82,38.16689466484268,87.20351480811607,91.8741944389432,-4.670679630827138,-11.608351876163482,9.486774980282686,-1.223635207991154,235.0,207.0,-28.0,75.95332464298215,87.56167651914564,14.96554453961686,10.691561120270862,43.986072692138
592518,Manny Machado,2026,601,378,99,30.215827338129497,106.04205017006132,110.99151079670716,-4.949460626645845,-5.687684100659268,6.98347177207302,-0.8144493578973684,116.0,92.0,-24.0,106.6744084934114,112.36209259407067,11.507960145491014,8.967601536565512,43.986072692138
807799,Masataka Yoshida,2026,295,155,56,28.18181818181818,110.25401973937508,115.2183650053054,-4.964345265930319,-5.307496834877725,10.421890444870199,-0.5092643089037795,88.0,62.0,-26.0,114.50114010873904,119.80863694361676,15.77203122677178,12.548104934251665,43.986072692138
678662,Ezequiel Tovar,2026,463,410,95,44.42036836403034,59.64183670178196,64.76239027497523,-5.12055357319327,-12.425047180614285,8.518955988602631,-1.4585175926765614,266.0,265.0,-1.0,42.721247644311546,55.14629482492583,11.377750444071657,9.128424857152098,43.986072692138
643446,Jeff McNeil,2026,460,290,80,35.53921568627451,92.1893497099038,97.4342651442547,-5.244915434350901,-8.150716941022267,7.966415127963875,-1.0231348492512589,209.0,173.0,-36.0,87.4968082004105,95.64752514143277,11.46918063324539,9.05374105574344,43.986072692138
683002,Gunnar Henderson,2026,646,401,86,30.68094873756695,88.01395126630815,93.33348859688412,-5.319537330575969,-7.487548421717364,6.1376510581261,-1.219937130802513,230.0,201.0,-29.0,84.3119229042446,91.79947132596196,8.79449653759394,6.762315167905936,43.986072692138
670764,Taylor Walls,2026,409,200,46,24.57002457002457,107.66631944880804,113.00442721097154,-5.338107762163503,-6.072326990520324,6.701594922006077,-0.906101765503698,105.0,74.0,-31.0,108.65000845627428,114.7223354467946,10.166354619933912,8.678328949389085,43.986072692138
624413,Pete Alonso,2026,626,386,97,27.789776817854573,116.5165538817858,121.8926698772191,-5.3761159954333095,-4.718196377424746,7.015256919555376,-0.6725621643695672,54.0,37.0,-17.0,121.9829100843341,126.70110646175884,12.43362043701495,9.980298166877663,43.986072692138
681082,Bryson Stott,2026,540,353,110,30.66898349261512,116.08618356109328,121.47796486086852,-5.391781299775246,-4.239207821685042,8.48835612642434,-0.4994144635954121,56.0,39.0,-17.0,120.95352729826308,125.19273511994813,11.946819577806632,8.882162815980093,43.986072692138
665877,José Fermín,2026,330,145,55,21.87028657616893,123.76032971390512,129.18454703353382,-5.424217319628696,-2.142583502144902,9.124761430835264,-0.23480981046852134,24.0,17.0,-7.0,132.33124863617493,134.47383213831984,12.31545148730816,8.74489791492169,43.986072692138
650490,Yandy Díaz,2026,613,338,122,29.012875536480685,115.78135786029952,121.29452951349506,-5.513171653195542,-4.80372044828502,7.527861262602601,-0.6381255287141455,60.0,41.0,-19.0,119.71421487747926,124.51793532576428,10.881857664852625,8.320462217921698,43.986072692138
686797,Brooks Lee,2026,561,376,80,34.68634686346864,84.18198292200657,89.71532522728808,-5.533342305281508,-8.034388011195901,6.489200650844121,-1.2381167486554419,246.0,219.0,-27.0,79.19585660577562,87.23024461697152,9.188772538669406,7.522809163413067,43.986072692138
630105,Jake Cronenworth,2026,361,218,39,28.64651773981603,82.59957108216254,88.15274756959275,-5.553176487430207,-8.818843746018885,6.753857926706513,-1.3057490758203367,251.0,225.0,-26.0,75.04509374860837,83.86393749462725,10.892312261875142,9.414510905000895,43.986072692138
663757,Trent Grisham,2026,486,187,41,19.238683127572017,126.88409920545602,132.58987052108503,-5.705771315629008,-4.569078910024444,5.050432920192042,-0.9046905447960499,12.0,9.0,-3.0,132.45225604399164,137.02133495401608,9.210866843619144,7.493362504224745,43.986072692138
671732,Lawrence Butler,2026,471,248,57,24.652087475149106,107.01510280428944,112.81555432298212,-5.800451518692682,-6.925653730711446,6.767805255879008,-1.023323436308295,111.0,75.0,-36.0,108.06064101241148,114.98629474312293,11.716637734996722,9.873096764235957,43.986072692138
666160,Mickey Moniak,2026,392,315,54,42.915531335149865,48.82249803598344,54.63125753641375,-5.808759500430305,-12.893521595554436,7.612634452113739,-1.6937003446913697,267.0,267.0,0.0,29.534772432523997,42.42829402807843,10.901396885300404,9.192017751874143,43.986072692138
605141,Mookie Betts,2026,453,164,45,20.603015075376884,118.26030862654,124.14149935813614,-5.881190731596149,-5.922149951650184,5.782252881384273,-1.0241942151503445,45.0,27.0,-18.0,121.15451741351198,127.07666736516217,8.458658383595283,7.324107788288552,43.986072692138
701807,Carson Benge,2026,574,332,81,28.424657534246577,103.31879019518853,109.24476838993174,-5.925978194743209,-6.93424507419104,6.971539308176435,-0.9946505022295928,133.0,102.0,-31.0,102.99877761513724,109.93302268932828,10.036853041427314,7.561019784148618,43.986072692138
650402,Gleyber Torres,2026,376,154,32,19.27409261576971,138.1688383704898,144.20172994084314,-6.032891570353343,-4.955171172713904,6.330646527650877,-0.7827275067516092,5.0,5.0,0.0,147.57820957080656,152.53338074352047,9.769740288011825,8.617700487870783,43.986072692138
681393,Connor Norby,2026,324,186,28,28.139183055975792,96.0934667191004,102.37151651244454,-6.278049793344138,-8.457759326216063,6.278454226523829,-1.3471085431324141,190.0,142.0,-48.0,93.1957639407906,101.65352326700666,10.925931843432084,9.686309896180637,43.986072692138
642715,Willy Adames,2026,504,322,62,31.56862745098039,87.48337123365762,93.99770371449452,-6.514332480836899,-9.531841368946516,7.0598589575860995,-1.3501461468581002,233.0,194.0,-39.0,82.11276986231707,91.64461123126358,10.425228448651454,8.623447494175826,43.986072692138
700250,Ben Rice,2026,592,312,69,25.304136253041364,105.67806667258924,112.24946218026912,-6.571395507679881,-7.463329479501041,5.987332005654121,-1.246520064772267,118.0,79.0,-39.0,106.02014721440143,113.48347669390247,9.599579588983378,7.730890855994231,43.986072692138
621020,Dansby Swanson,2026,460,242,49,26.304347826086957,92.39340040773864,99.00348975097096,-6.610089343232318,-9.055063717678166,5.760266412497005,-1.5719869654002525,208.0,163.0,-45.0,88.60464394853112,97.65970766620929,10.39283481425773,8.812925564748129,43.986072692138
605170,Víctor Caratini,2026,344,169,31,25.6838905775076,108.57602580916496,115.3717788385427,-6.795753029377735,-7.66162816105097,6.869021417927421,-1.1153885968465507,92.0,61.0,-31.0,109.76458530849838,117.42621346954935,9.880907505941355,8.332124150023143,43.986072692138
686217,Sal Frelick,2026,349,152,47,23.78716744913928,103.81424688771791,110.63343540684733,-6.819188519129412,-8.215671687080999,8.067739168150228,-1.0183363041178597,131.0,95.0,-36.0,103.59505697356848,111.81072866064947,11.256099880484015,8.573270729242358,43.986072692138
803011,Sam Antonacci,2026,495,212,59,21.855670103092784,115.30677416648282,122.24664122779046,-6.939867061307638,-6.896707694407297,6.350346169226266,-1.0860364948022354,62.0,32.0,-30.0,118.03437697124453,124.93108466565182,9.257505957105,7.379965185433492,43.986072692138
665742,Juan Soto,2026,394,170,47,20.023557126030624,123.81598178269144,130.761474177736,-6.9454923950445675,-7.518028880958042,6.569194336598714,-1.1444369728983539,23.0,12.0,-11.0,131.5584179561029,139.07644683706093,11.688315917165824,10.622991518379864,43.986072692138
621493,Taylor Ward,2026,590,186,39,15.233415233415236,145.06008992131405,152.01774482680122,-6.957654905487175,-6.796275938787431,4.293622638271435,-1.582876864447393,1.0,2.0,1.0,150.8661785659911,157.66245450477854,6.993766055941486,6.476332224632903,43.986072692138
679845,Nick Loftin,2026,388,182,57,24.863387978142075,105.65007520973202,112.64624349613672,-6.996168286404696,-8.034104971946405,7.843682188194486,-1.0242772181716546,119.0,77.0,-42.0,106.0381883772731,114.0722933492195,10.33955053876571,8.090940157561894,43.986072692138
668885,Austin Martin,2026,336,116,23,17.901234567901234,125.26787580563338,132.28882185094614,-7.020946045312755,-6.942887084368522,6.029986703091511,-1.1513934318974495,18.0,10.0,-8.0,130.5585455306879,137.50143261505642,9.319739295641932,8.171784406787383,43.986072692138
701358,Cam Smith,2026,506,319,59,29.813084112149536,85.42086046528055,92.74314656596844,-7.32228610068789,-9.904359454508594,6.399244195569092,-1.547738944134447,240.0,205.0,-35.0,80.04656288527298,89.95092233978157,9.84607223934309,8.901731613765714,43.986072692138
680574,Matt McLain,2026,452,250,49,26.399155227032733,105.03962319126909,112.44955911260703,-7.409935921337947,-8.611903601847516,6.833154075365827,-1.2603116374756207,122.0,78.0,-44.0,105.22419786761196,113.83610146945948,9.994015491448106,8.083307665936415,43.986072692138
663837,Matt Vierling,2026,292,173,46,32.15613382899628,92.87680666810846,100.30996413097294,-7.433157462864486,-12.601134950008628,10.011002187737615,-1.2587286181441097,204.0,155.0,-49.0,86.00238343845957,98.6035183884682,14.28967316013798,11.21855187194342,43.986072692138
694374,Tim Tawa,2026,295,202,57,32.52818035426731,93.80037879522048,101.24677631007368,-7.446397514853203,-13.714036257227335,10.75388667846172,-1.2752632296836743,201.0,151.0,-50.0,86.02002139653945,99.73405765376678,15.85017770534632,11.794189673858988,43.986072692138
656555,Rhys Hoskins,2026,318,155,30,22.43125904486252,102.61493563554788,110.06308320809283,-7.448147572544954,-10.65265083147878,6.977818583470035,-1.5266448538393025,140.0,98.0,-42.0,101.57623257116822,112.228883402647,14.090243106235045,12.270973626881194,43.986072692138
672695,Geraldo Perdomo,2026,608,270,96,21.12676056338028,144.654031338034,152.19333148585696,-7.539300147822956,-1.400910170917257,7.179190404408928,-0.1951348400032574,2.0,1.0,-1.0,157.10188713605606,158.50279730697332,10.291919584674208,6.834306576947231,43.986072692138
663457,Lars Nootbaar,2026,272,106,29,19.378427787934186,118.31327955683344,126.12584306780842,-7.812563510974982,-8.766166530268322,7.745191947852499,-1.131820436380393,44.0,24.0,-20.0,124.92793321741692,133.69409974768524,12.76325377182278,11.193647528759463,43.986072692138
668709,JJ Bleday,2026,485,217,33,22.675026123301983,119.16657834211894,127.1724924299888,-8.005914087869854,-8.743122480744049,5.130356143901435,-1.7041940628502346,41.0,21.0,-20.0,121.99048118192552,130.73360366266957,8.094713207020321,7.494549363466021,43.986072692138
701762,Nick Kurtz,2026,428,233,22,23.51160443995964,114.18758150317429,122.34346446424462,-8.155882961070333,-10.633521851297047,4.761632466217613,-2.2331672859547163,65.0,31.0,-34.0,117.69076143550404,128.3242832868011,11.075426663019034,10.984716237145266,43.986072692138
668930,Brice Turang,2026,613,324,82,25.0,111.84690702680189,120.04738107877976,-8.200474051977878,-9.05790449023334,6.290486317754431,-1.4399370784208014,75.0,46.0,-29.0,113.6162006390241,122.67410512925744,9.024557807908003,7.816904841961932,43.986072692138
571448,Nolan Arenado,2026,529,367,107,31.91304347826087,85.87841592478225,94.08725164085236,-8.208835716070112,-13.25626164179441,7.980621558745773,-1.6610562904423387,238.0,192.0,-46.0,78.35588566262867,91.61214730442308,11.791835915252516,8.880264570057825,43.986072692138
691026,Masyn Winn,2026,492,237,64,24.35765673175745,105.77397355506044,114.02616716924678,-8.25219361418634,-9.5456945541452,6.861904406504546,-1.3911144761936107,117.0,65.0,-52.0,106.21975428582697,115.76544883997217,10.567103451794404,8.220590876734603,43.986072692138
694208,Moisés Ballesteros,2026,300,243,51,36.93009118541033,77.5418205502999,85.87264266692064,-8.330822116620737,-17.15534584197505,9.66149570603143,-1.7756407873022597,258.0,232.0,-26.0,60.55126218603672,77.70660802801177,14.717314166056704,12.193751136665798,43.986072692138
650859,Luis Rengifo,2026,353,225,58,30.991735537190085,107.62373567070532,115.98995292274144,-8.366217252036122,-9.84640114422136,9.641088456067628,-1.0212955922030276,106.0,58.0,-48.0,109.0057941013496,118.85219524557095,12.129840509353864,9.553029101272392,43.986072692138
672724,Oswald Peraza,2026,344,261,44,38.72403560830861,66.57530121886796,75.02206206570634,-8.446760846838373,-15.238339363878168,8.981990837453449,-1.696543632658448,262.0,259.0,-3.0,49.75821720853574,64.99655657241391,12.338614973150744,10.796580278344424,43.986072692138
702284,Cole Young,2026,581,341,127,30.915684496826835,103.5221922114468,112.01720729171625,-8.495015080269454,-10.489563862317752,8.015141650106475,-1.3087184631575919,132.0,81.0,-51.0,103.13331823662524,113.622882098943,12.270506468814467,8.964197968264758,43.986072692138
695578,James Wood,2026,556,279,46,21.968503937007878,113.26042619250131,121.98158950614,-8.721163313638684,-10.048569672545696,5.468479361889341,-1.8375436766892999,69.0,35.0,-34.0,115.83290608521258,125.88147575775828,9.97542193895777,8.964470516355814,43.986072692138
606466,Ketel Marte,2026,548,340,99,32.196969696969695,89.03328794710585,97.99530054061276,-8.962012593506913,-12.955786252264673,7.581561728283353,-1.708854549575523,222.0,170.0,-52.0,83.51253379146584,96.46832004373051,11.08998712433154,8.69656140009804,43.986072692138
545121,Ildemaro Vargas,2026,457,328,118,40.09779951100245,85.4390808683296,94.53465722393037,-9.09557635560077,-14.444541071809866,9.839052707936455,-1.4680824974297064,239.0,189.0,-50.0,77.82679521144365,92.27133628325352,11.723794402907096,8.670745955884517,43.986072692138
672515,Gabriel Moreno,2026,487,329,96,29.40125111706881,120.5938200214636,129.79111059848162,-9.197290577018023,-8.669573195346246,8.570921021674765,-1.0115101018224297,36.0,14.0,-22.0,127.78473342085316,136.4543066161994,12.33460285445645,9.694137192625645,43.986072692138
521692,Salvador Pérez,2026,571,548,151,45.32671629445823,64.03759722820209,73.27034306738766,-9.232745839185569,-17.65819314190575,8.637465990272435,-2.0443719444791455,264.0,260.0,-4.0,46.141187509822686,63.799380651728434,12.321843430498037,10.200356241270898,43.986072692138
663728,Cal Raleigh,2026,459,401,81,35.86762075134168,82.92736188443169,92.5730686016556,-9.645706717223916,-15.66291617639277,7.564075686974278,-2.070697970852553,250.0,206.0,-44.0,71.54739330666284,87.21030948305561,13.470297776298333,12.252122683095648,43.986072692138
650333,Luis Arráez,2026,593,366,149,34.07821229050279,115.42336522111415,125.39632808491449,-9.972962863800333,-9.51876965848632,8.687191853076888,-1.0957245815993921,61.0,26.0,-35.0,119.16760643391206,128.68637609239838,10.788845867498017,7.51141132069176,43.986072692138
691781,Brady House,2026,312,207,47,33.99014778325123,90.44258060532624,100.60961320789094,-10.167032602564703,-15.162265866709319,9.352066650848366,-1.621274359217049,217.0,153.0,-64.0,83.7400257954276,98.90229166213692,12.821248929114246,11.594486753395602,43.986072692138
687551,Drew Gilbert,2026,356,186,42,26.05042016806723,101.2354985379408,111.43502032679116,-10.199521788850362,-12.863623272581322,7.257670379677716,-1.7724176766970428,156.0,84.0,-72.0,100.18107935078348,113.0447026233648,10.671115105524924,9.375187440351135,43.986072692138
666397,Edouard Julien,2026,276,105,20,18.617021276595743,112.91726936677638,123.2619444381701,-10.344675071393723,-12.78777969840337,6.931417466140226,-1.8449010986383816,72.0,30.0,-42.0,116.19261786890016,128.98039756730353,11.480685190071126,10.466833783216318,43.986072692138
677594,Julio Rodríguez,2026,581,472,123,39.105219552609775,80.67303357950175,91.14143520637028,-10.468401626868527,-16.19131651310927,8.4452234536096,-1.9172158797277161,256.0,211.0,-45.0,71.23819207634126,87.42950858945053,11.668150795677626,9.654201591121955,43.986072692138
686527,Dominic Canzone,2026,457,328,88,35.005336179295625,90.83681610281089,101.8158386243958,-10.979022521584909,-15.97636276042158,8.478940825594321,-1.8842403891056445,215.0,146.0,-69.0,84.83656844401384,100.81293120443542,12.305901321451588,10.41571252379761,43.986072692138
663656,Kyle Tucker,2026,558,273,60,24.22360248447205,110.6960685018726,122.16431074567836,-11.468242243805761,-12.654883004027681,5.9322603291144596,-2.1332312309221844,85.0,33.0,-52.0,112.03591931712651,124.6908023211542,8.541681529554527,7.176749226984192,43.986072692138
592663,J. T. Realmuto,2026,409,247,70,29.90314769975787,94.57384705808836,106.20248290392504,-11.628635845836683,-16.41960455679272,8.792485558824465,-1.867458802967654,199.0,115.0,-84.0,90.13310378030204,106.55270833709476,12.436688448266958,10.266209839099991,43.986072692138
641343,Jake Bauers,2026,518,238,32,20.82239720034996,121.5651489501517,133.2379583870449,-11.672809436893203,-13.383103651911568,4.774675304170048,-2.802934817415374,33.0,7.0,-26.0,125.42809827541612,138.8112019273277,8.780887244897013,8.306299681300862,43.986072692138
672580,Maikel García,2026,309,132,48,23.03664921465969,99.22193799476084,111.3501510617008,-12.128213066939963,-16.195752103611966,9.003213325689847,-1.7988857442041128,171.0,85.0,-86.0,96.90307521991508,113.09882732352705,12.37625111014367,9.837094870029723,43.986072692138
665489,Vladimir Guerrero,2026,548,325,111,30.176415970287835,108.2949036930244,120.60817639216609,-12.313272699141692,-13.854570973038065,8.329638846883075,-1.663285915237778,96.0,42.0,-54.0,109.64205051748802,123.49662149052608,10.893122325651827,8.048072569244923,43.986072692138
663538,Nico Hoerner,2026,623,367,131,33.18264014466546,92.83898634149762,110.02676466809142,-17.1877783265938,-20.606919974102823,7.907147101895043,-2.6061131415101824,205.0,99.0,-106.0,90.12486539364696,110.73178536774978,8.964119611456937,7.026633997541583,43.986072692138
