xchase_plus_rank,player,batter,game_year,plate_appearances,chase_rate,xchase_plus,xchase_plus_posterior_sd,chase_plus,chase_plus_posterior_sd,chase_plus_rank,rank_move,luck,luck_se,luck_z,chases,chases_in_play
1.0,Juan Soto,665742,2023,706,16.591056383668178,153.7619459679887,8.07748185377042,148.07346132900838,9.589750501290371,4.0,-3.0,-5.688484638980327,5.956603603400947,-0.6657173136753065,256,65
2.0,Lars Nootbaar,663457,2023,505,17.042115572967678,150.74655423710828,8.817428536235495,148.22364149019626,10.4332969468812,3.0,-1.0,-2.522912746912027,7.261551103158765,0.03372240964761672,174,53
3.0,Ha-Seong Kim,673490,2023,627,20.48665620094192,148.43261106176558,7.012574097477493,154.98130236278587,10.45389908031397,1.0,2.0,6.548691301020284,7.456755902774962,2.025114076531838,261,85
4.0,Alex Bregman,608324,2023,721,18.660287081339717,146.9537996699193,6.840045940305347,138.88340917750537,8.783366088168673,9.0,-5.0,-8.070390492413935,6.827862536214361,-0.9611740097923909,273,93
5.0,Will Smith,669257,2023,548,25.55746140651801,143.98755882192597,8.690574908722947,142.9398206185076,11.125250358704175,6.0,-1.0,-1.047738203418362,8.986565921759201,0.41749329360101256,298,92
6.0,Geraldo Perdomo,672695,2023,493,16.869918699186993,143.25067612524396,7.318570091283638,151.88765186903618,9.697600808608914,2.0,4.0,8.63697574379222,5.868061003068139,2.443359103105168,166,43
7.0,Robbie Grossman,543257,2023,420,15.807962529274006,141.75571204580322,7.939653951156975,143.0813417382574,10.837984062623132,5.0,2.0,1.3256296924541857,6.8223165513511415,1.042340598606356,135,37
8.0,Adley Rutschman,668939,2023,683,23.405654174884944,141.13493308743065,7.369463984294162,132.39015743523203,8.975646806230932,17.0,-9.0,-8.744775652198626,7.142104215735406,-1.147870330870755,356,94
9.0,Mike Tauchman,643565,2023,401,18.912529550827426,141.09095035363868,8.747518336400379,133.92319032696446,10.319615986899832,15.0,-6.0,-7.167760026674216,8.28814375401023,-0.7706086341327953,160,46
10.0,Cavan Biggio,624415,2023,338,16.00609756097561,140.3903948302309,8.07156008398085,137.2151490429826,8.427811580373687,11.0,-1.0,-3.1752457872482864,4.542744841036671,-0.78514854927718,105,11
11.0,Mookie Betts,605141,2023,688,16.764275256222547,139.95223028023554,6.633953752755708,142.66205318470517,8.637426073783564,7.0,4.0,2.7098229044696325,5.59497352449097,1.003265591036412,229,55
12.0,Connor Joe,656582,2023,471,19.877675840978597,139.77028860513894,8.424306944831542,137.46012668413326,10.337204985249867,10.0,2.0,-2.3101619210056867,6.561880417537778,0.035754787588037316,195,37
13.0,Andrew McCutchen,457705,2023,473,18.655967903711137,139.6005019911516,8.1070520099612,136.7599100295065,9.58126285163245,12.0,1.0,-2.8405919616450888,6.948120654012654,-0.19873860574642202,186,46
14.0,Maikel García,672580,2023,517,20.471596998928188,136.28947362105848,8.300267541131767,125.57991832741509,9.73188209220938,36.0,-22.0,-10.70955529364339,8.390991848856757,-1.3361060665856086,191,70
15.0,Edouard Julien,666397,2023,409,14.335260115606935,136.2471661295981,8.314917736347086,139.52340508991043,9.43770894349048,8.0,7.0,3.2762389603123268,4.961703990154084,1.0615270528839398,124,23
16.0,Triston Casas,671213,2023,500,22.15909090909091,135.02620760950208,10.091950700739204,131.78845944088513,11.242814048637392,18.0,-2.0,-3.237748168616946,6.953496162142031,-0.3648801354497414,234,52
17.0,Steven Kwan,680757,2023,716,21.300448430493272,132.98860783194465,6.460364474156015,123.5810871103237,8.336970045672162,43.0,-26.0,-9.407520721620955,6.899387437772751,-1.3155875079864403,285,102
18.0,Kyle Tucker,663656,2023,666,21.61520190023753,132.71164910583286,7.265597530090474,127.37849691517236,8.649919175778056,28.0,-10.0,-5.333152190660499,6.157122915795791,-0.7924447585291359,273,67
19.0,Alex Call,669743,2023,438,19.65065502183406,131.39661397494515,8.132831329314037,133.7781226735909,9.816971979076058,16.0,3.0,2.381508698645746,6.852625783390592,0.7093146976015624,180,44
20.0,Brandon Nimmo,607043,2023,680,20.045045045045047,131.31524814721934,6.350285294352604,122.30163882122704,7.673735611500359,50.0,-30.0,-9.013609325992292,5.426114392666638,-1.681225259211916,267,54
21.0,Paul Goldschmidt,502671,2023,683,26.61570535093815,131.07904048176638,9.240660256107576,136.05311613485898,11.59706766980848,13.0,8.0,4.974075653092598,7.526179499985854,1.3831108943855848,383,101
22.0,Jack Suwinski,669261,2023,533,18.251928020565558,131.06690210862124,8.731582078356428,127.60019847020077,9.665167514266717,27.0,-5.0,-3.4667036384204692,5.014182168304609,-0.6613408497090583,213,33
23.0,Brandon Belt,474832,2023,404,17.875920084121976,130.91606881337154,9.921147049232296,129.34694875161125,11.41765517334953,25.0,-2.0,-1.5691200617602874,6.070836124878075,0.016671812450230604,170,29
24.0,J. P. Crawford,641487,2023,638,18.6010760953113,129.9042771201904,7.98641548907036,121.69120934307225,8.655305020222404,53.0,-29.0,-8.213067777118141,5.191235601372804,-1.757990790078175,242,55
25.0,Taylor Walls,670764,2023,349,17.991004497751124,128.87518803507115,9.732339318161417,127.29545282447155,10.825866277351931,30.0,-5.0,-1.579735210599594,7.017110490386439,-0.11366137136946797,120,29
26.0,Mark Canha,592192,2023,508,24.16173570019724,127.7883004124696,8.029824886991722,126.47660730296003,10.22218816408508,33.0,-7.0,-1.3116931095095623,8.253319134844588,0.09090936903352868,245,72
27.0,Tony Kemp,643393,2023,417,23.34293948126801,127.52767726133686,8.648636596928675,123.5354556908858,10.47315790570758,44.0,-17.0,-3.992221570451065,8.166377918857464,-0.36725876941356406,162,57
28.0,Seiya Suzuki,673548,2023,583,19.812925170068027,127.35672683392228,7.565394650780899,123.51199747660068,8.383195230500986,45.0,-17.0,-3.8447293573215973,5.595957493761801,-0.6950804287046406,233,49
29.0,Ronald Acuña,660670,2023,731,22.749822820694543,127.31384981902254,8.129770365050856,131.2672277048709,9.914263615176113,19.0,10.0,3.9533778858483544,6.575215412175676,1.0145321746457046,321,91
30.0,Wilmer Flores,527038,2023,453,28.57142857142857,127.02037828231111,9.808200867672896,126.03846991937388,12.293355049136276,34.0,-4.0,-0.9819083629372329,9.211546269541163,0.2643775196836509,276,78
31.0,Ian Happ,664023,2023,691,23.00824175824176,126.90278551564744,7.3635299130831875,124.69867841566732,8.48923689824173,39.0,-8.0,-2.2041070999801207,5.459860000235857,-0.3155206075523979,335,66
32.0,Justin Turner,457759,2023,624,26.060138781804167,126.65368942926165,8.085008916215669,134.2176335384142,10.89003242621953,14.0,18.0,7.563944109152544,7.407400318525603,1.7570686620442282,338,87
33.0,Kyle Schwarber,656941,2023,719,21.583178726035868,126.6172496511623,8.765943844000079,119.58751316885156,9.349320909541984,58.0,-25.0,-7.029736482310739,5.14157452378293,-1.5748521587024422,349,66
34.0,Carlos Santana,467793,2023,623,24.07843137254902,126.58237008135936,7.709446945293124,124.76262894617132,10.056858988504445,38.0,-4.0,-1.819741135188039,7.436115299789661,0.013607296203743369,307,93
35.0,Mike Trout,545361,2023,359,19.922380336351875,126.4727328011262,11.633856302797756,124.11002551665015,13.419269200937402,41.0,-6.0,-2.362707284476045,8.968503372108598,-0.03576960157709696,154,39
36.0,Marcus Semien,543760,2023,751,21.760916249105225,124.7798311854836,6.28776231504182,129.68587333962992,8.656329597980372,24.0,12.0,4.90604215414632,5.730121299242953,1.2962523327151216,304,74
37.0,Jonathan India,663697,2023,527,19.906103286384976,124.61851312076156,7.8878449538814515,118.99190321534748,8.566401351066892,59.0,-22.0,-5.626609905414085,5.6983033167795005,-1.0809499952140444,212,40
38.0,Ketel Marte,606466,2023,649,24.4,124.03099095574188,7.353377980252713,117.8652674658456,9.533531435061295,64.0,-26.0,-6.16572348989628,6.663073866670455,-0.8517555918900511,305,74
39.0,LaMonte Wade,664774,2023,516,17.518939393939394,123.24262553332974,7.476293358550713,122.48731637756548,8.564917978950534,49.0,-10.0,-0.7553091557642659,5.798592401516119,-0.03217776121050451,185,44
40.0,Nolan Jones,666134,2023,422,26.182618261826185,123.04257978425366,12.066446640238343,130.82851987625347,13.692904351349805,21.0,19.0,7.785940091999805,9.833236716635774,1.5048533621771103,238,72
41.0,Ryan Noda,676116,2023,491,19.32606541129832,122.79932220645732,7.826709135441708,120.17581574648152,8.445952887445031,57.0,-16.0,-2.6235064599758005,4.319769613081307,-0.6327638745595495,195,17
42.0,Nathaniel Lowe,663993,2023,722,20.876963350785346,122.764942907585,7.0581677124161,122.59811971521592,8.259476756332901,48.0,-6.0,-0.16682319236907972,5.191734024229318,0.10225671748933238,319,61
43.0,Yandy Díaz,650490,2023,600,19.93097497842968,122.6507423015592,7.448465225981429,131.23754503715685,9.435403247804924,20.0,23.0,8.586802735597644,6.028390550106495,1.9651408632423293,231,58
44.0,Luis Arráez,650333,2023,608,31.8359375,122.56644824548847,8.365132794779827,123.7684221373463,11.806053690590073,42.0,2.0,1.2019738918578327,9.696138171497829,0.5584499242071722,326,138
45.0,Andrew Benintendi,643217,2023,618,26.765475152571927,122.55919373974378,7.8696904889568975,108.66334184771866,9.823755207624618,104.0,-59.0,-13.89585189202512,8.262031344551445,-1.8716070920945016,307,97
46.0,Chris Taylor,621035,2023,385,22.10796915167095,122.35355458652327,9.534399219509323,121.9005324028363,10.910425841820556,51.0,-5.0,-0.45302218368696856,6.914888321260216,0.10050381348357264,172,27
47.0,Mike Yastrzemski,573262,2023,377,20.20330368487929,122.00177925389968,9.299886947870515,113.42202060957862,10.038801018213722,82.0,-35.0,-8.57975864432106,6.9865914317589155,-1.4536387332208676,159,31
48.0,Matt Thaiss,642136,2023,304,18.945634266886326,121.96170913289704,10.13006696587964,118.0093734793198,10.631871596983212,62.0,-14.0,-3.9523356535772365,7.20111600486203,-0.6696740146967597,115,27
49.0,Matt Chapman,656305,2023,581,19.1722972972973,121.67150950977174,8.004964152876102,130.25233190433792,9.575919898819038,22.0,27.0,8.580822394566184,5.1560661038003355,2.240511437464163,227,43
50.0,Masataka Yoshida,807799,2023,579,27.5797373358349,121.35505258739964,8.659907815344155,129.99381329312968,11.365803533663772,23.0,27.0,8.638760705730036,8.75875548517982,1.6128573634635577,294,113
51.0,Sean Murphy,669221,2023,435,23.24510932105869,121.07934673613408,8.602684882275987,117.18455718180633,9.59996594501601,67.0,-16.0,-3.894789554327758,6.858774133524914,-0.5937951004350865,202,42
52.0,Michael Conforto,624424,2023,466,24.47552447552448,120.86467153017868,8.401608614581308,126.8717925077867,10.504495766876891,32.0,20.0,6.007120977608011,8.223780880110596,1.137881356638515,245,59
53.0,Will Benson,666181,2023,329,19.37869822485207,120.77348853650142,9.17959866127043,124.16059759168172,11.132059287665992,40.0,13.0,3.3871090551803036,7.0592547322478225,0.884239746313427,131,18
54.0,Brendan Donovan,680977,2023,370,23.044692737430168,120.5818406872446,9.034196458637249,117.17039737270473,10.540397016072031,68.0,-14.0,-3.4114433145398664,8.822434044901831,-0.3525736867097212,165,48
55.0,Trent Grisham,663757,2023,555,21.688888888888886,119.982429852415,8.420207422906449,117.99337526303472,9.672083560663866,63.0,-8.0,-1.9890545893802738,5.9541500608737525,-0.2678597642506791,244,53
56.0,Aaron Judge,592450,2023,451,19.39571150097466,119.6752824195,8.798102567002415,113.81583473464772,9.760781579811592,79.0,-23.0,-5.85944768485227,5.264985665518855,-1.2475384427597838,199,20
57.0,Myles Straw,664702,2023,517,23.825887743413517,119.63628299588557,7.720755432612214,120.5293217752203,9.88471448953166,56.0,1.0,0.8930387793347307,7.654578160939971,0.33912229536004573,208,74
58.0,Wander Franco,677551,2023,489,26.21359223300971,119.51477718433048,9.26463713529105,113.48887985834897,11.477001453528414,81.0,-23.0,-6.025897325981518,9.078247345010372,-0.663912232335097,243,78
59.0,Mitch Garver,641598,2023,344,17.53155680224404,119.46640699581248,9.734330747381644,117.74324055444274,11.565248473867127,66.0,-7.0,-1.7231664413697416,6.679286777236799,-0.09289982463556543,125,30
60.0,George Springer,543807,2023,679,23.134328358208958,119.40875774640084,6.891502291926944,115.18215058722288,7.907223535193214,73.0,-13.0,-4.226607159177959,5.7817729928625505,-0.748707488935565,279,63
61.0,Miguel Vargas,678246,2023,303,20.96505823627288,119.11954873702206,9.10700910914804,121.17636513330656,11.394602173019052,54.0,7.0,2.0568163962845034,7.91142678563949,0.5999642949310051,126,30
62.0,Jace Peterson,607054,2023,429,22.40762812872467,118.59116830080966,8.753010865786862,127.332576777848,11.763857664558094,29.0,33.0,8.741408477038348,7.640578028121742,1.9049061288592546,188,48
63.0,Dan Vogelbach,596129,2023,319,21.52974504249292,118.25289421800674,11.552073193667566,123.4747425850488,13.691072224081193,46.0,17.0,5.221848367042057,9.030903021268633,1.207801598197928,152,40
64.0,Alejandro Kirk,672386,2023,421,26.89265536723164,117.92579415792598,10.68690284746846,117.09771761908507,12.881918360953051,69.0,-5.0,-0.8280765388409037,9.80976552551537,0.11814079634940781,238,83
65.0,Gleyber Torres,650402,2023,672,25.95307917888563,117.63176617360703,7.764108670589517,126.95669461550035,10.784282008794142,31.0,34.0,9.32492844189332,6.982098360620287,2.016790973031941,354,108
66.0,JJ Bleday,668709,2023,304,20.097244732576986,117.39154509126774,9.869204561712934,114.91243704379156,11.222775926376556,74.0,-8.0,-2.4791080474761884,7.1989567301360395,-0.31403582266337876,124,26
67.0,Matt Olson,621566,2023,715,26.11806797853309,117.0004209878954,9.4848816874398,124.9628671918898,11.982868292988831,37.0,30.0,7.9624462039944035,7.096524015534076,1.8450408764435882,438,115
68.0,Cedric Mullins,656775,2023,455,26.408450704225352,116.40640390468812,9.010109841526925,114.87962744769575,10.833454259528567,75.0,-7.0,-1.5267764569923656,8.036011000857613,-0.09379433980542683,225,54
69.0,Jorge Soler,624585,2023,576,25.81155977830562,116.123465028335,10.225827123818284,116.74760666850142,11.772896026955692,70.0,-1.0,0.6241416401664139,6.528660784999718,0.3108841280471217,326,60
70.0,DJ LeMahieu,518934,2023,564,23.1897341888176,116.09727967287624,8.73135032757833,105.17462614027303,10.146400192187103,119.0,-49.0,-10.922653532603206,7.488884645228674,-1.7079131375820682,253,81
71.0,Taylor Ward,621493,2023,407,23.24455205811138,115.3324754856362,9.41402999900386,121.89671838223504,11.450048858000798,52.0,19.0,6.5642428965988415,6.986306162307244,1.4536121588424624,192,33
72.0,Andruw Monasterio,655316,2023,315,22.40853658536585,114.92563848420026,10.488919064143763,116.56173554809962,12.60829098513188,71.0,1.0,1.6360970638993564,7.918631177184679,0.5174831805789877,147,28
73.0,Tommy Pham,502054,2023,480,20.689655172413797,114.88059146935748,8.560134653317434,114.6561805988413,10.299416454867002,76.0,-3.0,-0.2244108705161807,6.965222991271027,0.09426608473056858,198,45
74.0,Rowdy Tellez,642133,2023,350,24.20212765957447,114.81438202010536,11.649736091853509,107.23035751487464,12.819561645233128,110.0,-36.0,-7.584024505230715,10.042244591663602,-1.0086608063338787,182,55
75.0,Alex Verdugo,657077,2023,601,22.181818181818183,114.48852257976218,7.073243403810718,110.98373083143107,9.050213792795637,95.0,-20.0,-3.504791748331101,7.032025238096471,-0.4738682661824552,244,71
76.0,Josh Rojas,668942,2023,352,25.80152671755725,114.48814086231052,9.599712918046157,113.27624777545766,11.887088108217023,84.0,-8.0,-1.2118930868528537,9.810905645438101,-0.007972127498900161,169,45
77.0,Matt McLain,680574,2023,401,25.707257072570727,114.25545738750296,10.760432411167743,113.05281142314544,12.75979303581046,86.0,-9.0,-1.2026459643575151,8.109871368123986,-0.01704775091198255,209,45
78.0,Joc Pederson,592626,2023,419,28.418803418803417,114.18842324202744,11.258081763178293,108.94186605985507,12.979337925995766,103.0,-25.0,-5.246557182172367,9.159753957998847,-0.6886607967928963,266,63
79.0,Xander Bogaerts,593428,2023,665,25.429017160686428,114.0655774796442,7.889588769276768,106.22979559395,9.53346432306657,114.0,-35.0,-7.835781885694203,7.346236505355557,-1.1922179694325041,326,109
80.0,Cody Bellinger,641355,2023,553,31.166347992351817,113.81800591087148,8.403758137435759,128.16259053475656,11.38876295942433,26.0,54.0,14.344584623885083,8.832536337286355,2.353328791878079,326,92
81.0,Eugenio Suárez,553993,2023,693,23.73702422145329,113.62774652581312,7.055591574138662,107.50963041411492,8.053998215176994,108.0,-27.0,-6.1181161116982,5.660048778879711,-1.177488381606486,343,56
82.0,Christian Yelich,592885,2023,627,24.98168498168498,113.58098178618766,7.631921557678133,123.35931645825728,9.722058577309378,47.0,35.0,9.778334672069619,6.462843086591356,1.9861214454933074,341,62
83.0,Bobby Witt,677951,2023,693,30.837004405286343,112.86190885830878,8.623211777899721,111.1873735998395,10.771270190941344,93.0,-10.0,-1.6745352584692768,8.011251514187137,-0.1378900439651368,420,123
84.0,James Outman,681546,2023,567,25.7001647446458,112.83781130705115,8.726059358898683,113.70243848874684,10.126330186352517,80.0,4.0,0.8646271816956812,6.122368559790303,0.27524341836937616,312,44
85.0,Freddie Freeman,518692,2023,724,27.259580621836587,112.64317392054718,8.277487390375907,114.35095720791377,10.369847618044082,78.0,7.0,1.7077832873665812,7.166961246134384,0.42952258682852024,377,106
86.0,Randy Arozarena,668227,2023,650,27.65205091937765,112.58594259309872,9.769086982618424,118.83765670117911,11.796717745828309,61.0,25.0,6.251714108080392,7.791042020744984,1.242529668625791,391,103
87.0,Spencer Steer,668715,2023,665,24.214559386973185,112.33829782413548,7.52373684221322,118.8917415159128,10.034994380890206,60.0,27.0,6.553443691777318,6.073681387129605,1.4999828635929124,316,65
88.0,Bryson Stott,681082,2023,637,29.42583732057416,112.09617036644374,8.230116512043969,120.84107080433544,11.49045340002088,55.0,33.0,8.744900437891701,8.704262491806203,1.5250358053438575,369,123
89.0,Jon Berti,542932,2023,424,21.448467966573816,111.69093940627988,7.536065075489899,111.17904435891658,8.597764566442224,94.0,-5.0,-0.5118950473632964,5.977721283395139,-0.04728266140597202,154,30
90.0,Shohei Ohtani,660271,2023,578,29.727564102564106,111.42571317141623,11.15115877179302,116.33339797160455,12.784649429627455,72.0,18.0,4.907684800188321,7.995203699059394,1.0180177608932082,371,85
91.0,Yordan Álvarez,670541,2023,486,26.46484375,111.18360040541732,10.9907396906729,126.0371438492154,13.31320758560402,35.0,56.0,14.853543443798074,7.719547178063211,3.106630433328071,271,62
92.0,Dansby Swanson,621020,2023,639,23.828125,110.8113763964133,7.162567374580376,113.3356027497187,9.06808693814745,83.0,9.0,2.5242263533054086,6.476425731694699,0.5471146654341169,305,75
93.0,Isiah Kiner-Falefa,643396,2023,363,26.61764705882353,110.60987102608183,9.036875952416157,111.80563525032032,11.471923673465794,91.0,2.0,1.1957642242384878,8.182286817838335,0.3219241467647843,181,38
94.0,Isaac Paredes,670623,2023,570,28.776978417266186,109.75787184624348,8.773139377375752,110.40326526338752,11.266669156492446,98.0,-4.0,0.6453934171440494,8.060678215679832,0.21817735137107347,360,92
95.0,Jurickson Profar,595777,2023,522,25.387596899224807,109.6353587088361,7.502281838629909,109.43360469489832,9.234222556456585,102.0,-7.0,-0.20175401393777292,6.591273094248224,0.03088720119685796,262,50
96.0,Nico Hoerner,663538,2023,681,30.533117932148627,108.8302737447785,7.197503155340991,102.01523934448868,9.57905827558542,130.0,-34.0,-6.815034400289818,8.269937083952088,-0.9327029506270059,378,128
97.0,Matt Vierling,663837,2023,526,28.739002932551323,108.80266271074788,8.21199301678418,103.94552428835055,10.5364885635271,123.0,-26.0,-4.857138422397327,8.974752624949037,-0.615220633804047,294,84
98.0,Spencer Torkelson,679529,2023,680,23.62962962962963,107.91014271835184,7.533182925871069,104.47029569784338,9.234146954079703,121.0,-23.0,-3.439847020508452,5.7350202925764835,-0.6587469749633543,319,68
99.0,Max Muncy,571970,2023,574,23.694171082513247,107.61997616538602,8.885348617233419,99.32934366562056,10.04426124091991,143.0,-44.0,-8.290632499765465,6.358129339159084,-1.5738733606429562,313,62
100.0,Aaron Hicks,543305,2023,313,20.600858369098717,107.61367630627346,10.040584088903088,117.78713065857772,12.321621133162274,65.0,35.0,10.173454352304262,8.50821525360337,1.7684051662439282,144,38
101.0,Rafael Devers,646240,2023,646,32.57142857142858,107.21980535265692,9.23175948864276,111.86756887568087,12.089456105122236,90.0,11.0,4.647763523023954,8.784436030861647,0.8190769126971086,456,137
102.0,Anthony Volpe,683011,2023,599,28.559102674719583,107.11963244876702,8.303565451668508,98.06620598068189,9.980497149763211,155.0,-53.0,-9.053426468085135,7.690523143774371,-1.4119375713785827,331,76
103.0,Brice Turang,668930,2023,449,26.81498829039813,107.02911427214153,7.928915859430951,113.08866862452346,9.800139718723486,85.0,18.0,6.059554352381937,7.0402829235848525,1.1013951155853203,229,53
104.0,Ryan McMahon,641857,2023,626,25.306748466257662,106.88455667349434,7.758165775710204,103.12947977243049,9.001249985429919,125.0,-21.0,-3.755076901063859,6.061534552581269,-0.6999076737272699,330,59
105.0,Luis García,671277,2023,483,30.952380952380956,106.49448519258895,10.481247070912843,106.30682762692363,12.975831344559428,113.0,-8.0,-0.18765756566531877,10.164387828724967,0.03919355302218906,286,100
106.0,Tommy Edman,669242,2023,526,28.767123287671232,106.42747110997487,7.140571608182475,97.8545907191766,9.35602812515656,158.0,-52.0,-8.572880390798275,7.906319958466986,-1.2643336502936544,252,68
107.0,Adam Frazier,624428,2023,457,28.755868544600936,106.27163578046968,8.275415672716036,104.576227735716,11.251842686630326,120.0,-13.0,-1.6954080447536768,9.060755594909033,-0.19079677406736398,245,65
108.0,Enrique Hernández,571771,2023,509,27.979797979797983,106.139947817098,8.800026692581383,107.55252455385263,11.337079182884894,107.0,1.0,1.4125767367546302,8.66085304569245,0.2675813356878487,277,77
109.0,Alec Bohm,664761,2023,609,30.09090909090909,106.13129984154614,8.020669624975278,103.29752378913676,10.515899929085393,124.0,-15.0,-2.8337760524093767,7.855280960890457,-0.40981932325128023,331,102
110.0,Max Kepler,596146,2023,492,24.896265560165972,106.03564971333284,8.097386160353112,105.77990782194765,9.939931311359162,116.0,-6.0,-0.255741891385199,7.231542395176395,-0.007248902644635617,240,52
111.0,Jonah Heim,641680,2023,500,30.33932135728543,106.01150048293592,9.510548812368777,105.56446289930804,11.663154067864342,117.0,-6.0,-0.4470375836278748,8.522060470627988,-0.022958974300899503,304,80
112.0,Jorge Polanco,593871,2023,343,28.6493860845839,105.61499971100892,11.022196173806726,105.98182360981248,12.741154406664222,115.0,-3.0,0.3668238988035597,10.142026527653394,0.0906924566265137,210,47
113.0,Jeff McNeil,643446,2023,645,30.38210624417521,105.41965598734504,7.312938551459863,112.75195809215587,9.586741521252216,89.0,24.0,7.332302104810836,7.334922319233821,1.2436841540357366,326,103
114.0,Marcell Ozuna,542303,2023,589,29.89690721649485,104.98547159223486,9.657769472060044,100.13926252572456,11.5130828167925,141.0,-27.0,-4.846209066510298,7.837694452496419,-0.7954159732291682,377,87
115.0,Riley Greene,682985,2023,412,26.50056625141563,104.7283298036572,10.042109332566524,110.83661039542852,11.819785853238317,96.0,19.0,6.108280591771319,8.466929528185851,1.012412177674322,234,51
116.0,Miguel Cabrera,408234,2023,370,28.46715328467153,104.64536446643868,10.132736892015378,102.67484362231885,12.68325391492099,127.0,-11.0,-1.9705208441198323,10.658763464095761,-0.2364178471892837,195,62
117.0,Adolis García,666969,2023,629,29.645697758496027,104.62682341673056,9.704640921419792,110.81870417303584,12.246609886521377,97.0,20.0,6.191880756305281,7.5368498327174045,1.190280638345388,410,92
118.0,Charlie Blackmon,453568,2023,412,29.088471849865957,104.59903779501732,9.27113573764074,108.42749559692312,12.59028228245909,105.0,13.0,3.828457801905799,9.382567772969827,0.6222487593991908,217,67
119.0,Chas McCormick,676801,2023,454,30.55555555555556,104.56467723585814,10.549087706195303,99.08542635509336,12.240745040756096,145.0,-26.0,-5.479250880764781,8.846381966675697,-0.8406229953172015,286,65
120.0,MJ Melendez,669004,2023,601,26.93877551020408,104.35191184316436,8.194313347227999,100.24584310008647,9.517418417607654,140.0,-20.0,-4.106068743077884,6.959095985065553,-0.6975151857418398,330,66
121.0,Leody Taveras,665750,2023,555,28.13688212927757,104.2380573002444,7.894135380259392,100.54047171098514,9.784908967890232,137.0,-16.0,-3.697585589259262,7.910174236713778,-0.5565020835477016,296,71
122.0,Luis Rengifo,650859,2023,440,28.734321550741164,104.02192687249774,8.882149828804781,100.32235439194254,11.295296210854776,139.0,-17.0,-3.6995724805552044,7.7810934118464505,-0.6084555046223508,252,50
123.0,Corbin Carroll,682998,2023,646,27.951807228915666,103.89304942396308,7.613513144113387,96.11505609694514,9.976131279901011,165.0,-42.0,-7.777993327017938,7.656627017136053,-1.2408559443998695,348,101
124.0,William Contreras,661388,2023,608,24.818108326596604,103.5387454112724,8.144084279311267,112.88064548252608,10.303358933981354,88.0,36.0,9.341900071253676,6.579684319758781,1.7927105569740807,307,84
125.0,TJ Friedl,670770,2023,555,24.573055028463,103.19830678578889,7.464970983406052,112.97019934950454,10.023662279401607,87.0,38.0,9.771892563715653,7.194255910322125,1.6851327570231625,259,73
126.0,Zach Neto,687263,2023,326,25.649350649350648,103.07284223121796,10.069461984299396,100.59809561340371,12.177610331664336,136.0,-10.0,-2.4747466178142474,7.5900680603443735,-0.44639540795127414,158,27
127.0,Austin Riley,663586,2023,714,27.548209366391184,102.74734885668984,8.743223500158138,101.8705556726313,10.365118750279688,131.0,-4.0,-0.8767931840585419,6.528754142532335,-0.16434151844202835,400,94
128.0,Vladimir Guerrero,665489,2023,672,29.04761904761905,102.25647446780916,8.236082847840896,93.94742672959651,9.669428506888746,179.0,-51.0,-8.30904773821264,6.842920472188919,-1.4776519816869875,366,101
129.0,Jake Rogers,668670,2023,364,22.34042553191489,102.11754777243526,8.70962479332242,95.37245030371864,9.39566734622251,168.0,-39.0,-6.745097468716622,6.530955404615918,-1.2338777903560774,147,28
130.0,Alec Burleson,676475,2023,346,33.95638629283489,102.00224356604866,11.066107916643356,111.50279639861212,14.75421985223705,92.0,38.0,9.500552832563457,12.24573110957808,1.296537230158354,218,70
131.0,Ramón Urías,602104,2023,394,28.71287128712871,101.83639840309868,9.897424489428992,110.3063543885144,12.239395370287824,99.0,32.0,8.469955985415709,8.550539773097489,1.3728284985899246,203,50
132.0,Gabriel Moreno,672515,2023,380,26.42276422764228,101.54928970883746,10.208158027480076,98.57333451365965,12.315509542047044,150.0,-18.0,-2.975955195177818,9.844223600123058,-0.4393561535379047,195,62
133.0,Dominic Smith,642086,2023,582,30.67978533094812,101.46423496688844,7.731930461645212,99.22481768161032,9.739427923159356,144.0,-11.0,-2.2394172852781224,8.085939740321546,-0.3503996271388401,343,97
134.0,Patrick Wisdom,621550,2023,302,24.174174174174173,100.95115464233407,12.2198325956011,107.18189138387848,14.975990419428111,111.0,23.0,6.230736741544405,8.445903980364003,1.2242506671530293,161,31
135.0,Jake Cronenworth,630105,2023,521,26.61207778915046,100.90831607206806,7.582623767386164,95.03451511274127,9.37205854615637,170.0,-35.0,-5.873800959326786,6.51570672885029,-1.1003371980345422,260,61
136.0,Akil Baddoo,668731,2023,353,25.24682651622003,100.62491159158832,9.336573918030249,96.80653437936591,10.765261078983722,162.0,-26.0,-3.8183772122224013,7.61517781817934,-0.6556496092594004,179,32
137.0,Jeimer Candelario,600869,2023,575,28.654970760233915,99.97627019125946,8.299684359189616,108.05702585655668,11.306669459569065,106.0,31.0,8.080755665297218,7.331794358001299,1.3940216635939149,343,72
138.0,Bo Bichette,666182,2023,603,36.743772241992886,99.7988323404305,8.906882745397944,96.8624401484454,10.860866146341932,161.0,-23.0,-2.9363921919850924,8.950559402178628,-0.45264798157427877,413,111
139.0,Jake Fraley,641584,2023,377,30.567081604426004,99.64869395036048,8.823489608062744,98.10149226609268,11.327210819507991,153.0,-14.0,-1.5472016842678045,8.609217850165013,-0.28692210923683026,221,43
140.0,Brandon Marsh,669016,2023,470,25.41062801932367,99.63941568945452,9.378674298792436,107.38971619680348,11.067801855972142,109.0,31.0,7.750300507348953,7.14970585473773,1.3841237477610309,263,48
141.0,Bryan Reynolds,668804,2023,633,26.02639296187683,99.481727342823,8.204583970692486,101.29653605789764,9.87956856685585,133.0,8.0,1.8148087150746335,6.221879938611994,0.3266433455957794,355,64
142.0,Zach McKinstry,656716,2023,515,27.21280602636535,99.1477988216874,8.284863892808099,94.22745875915678,9.814011754060964,178.0,-36.0,-4.920340062530627,7.265277260636525,-0.8557739153461125,289,60
143.0,J. D. Davis,605204,2023,547,26.70565302144249,99.07908067697822,7.911112962682281,97.27794901589668,9.59876539144095,159.0,-16.0,-1.8011316610815413,5.754993897828591,-0.4180371637287637,274,43
144.0,Bryan De La Cruz,650559,2023,626,34.55098934550989,98.8081494851938,9.190072483916454,94.6329347822778,11.63850133263094,176.0,-32.0,-4.175214702915994,8.935993508372944,-0.6913868998170033,454,124
145.0,Jake Meyers,676694,2023,342,26.666666666666668,98.76321955979404,10.761857185137874,110.22721406328488,13.244538520513164,100.0,45.0,11.463994503490838,7.219882707427673,2.284385492850649,172,31
146.0,Christian Walker,572233,2023,662,26.38680659670165,98.53550677426207,6.862665708918294,92.16313006439869,8.01005370900051,190.0,-44.0,-6.3723767098633886,5.873190094101661,-1.2553416024162634,352,76
147.0,Gunnar Henderson,683002,2023,622,26.677852348993287,98.06090237103972,8.5976706272291,98.64743313398814,11.004964527626852,149.0,-2.0,0.5865307629484278,7.359171118019191,0.026176633196755183,318,85
148.0,Manny Machado,592518,2023,601,29.31483087597572,98.04172138013264,7.760268192330907,101.67567456912452,10.385790711143512,132.0,16.0,3.6339531889918817,7.405976447601638,0.5409118997182781,338,89
149.0,Lourdes Gurriel,666971,2023,590,30.39485766758494,97.95337102250431,8.331506250381388,90.6890344591678,9.762029017623522,199.0,-50.0,-7.264336563336514,7.916651221622011,-1.1509456248454681,331,94
150.0,Edward Olivares,658668,2023,381,31.35593220338983,97.61011400423304,10.330183021778613,82.3562070737828,10.787553637761713,234.0,-84.0,-15.253906930450242,9.10393180154655,-2.143245196929479,222,56
151.0,Francisco Lindor,596019,2023,681,27.3371104815864,97.01916454033449,8.455755435201537,98.87130329194358,10.134999317904342,146.0,5.0,1.8521387516090897,6.68280406289542,0.28803464977486476,386,99
152.0,Carlos Correa,621043,2023,579,26.97872340425532,96.6855246773455,8.324171654007994,93.58649548568717,10.173187281489902,181.0,-29.0,-3.0990291916583317,7.335226506257324,-0.5897253403596382,317,75
153.0,CJ Abrams,682928,2023,611,35.20220588235294,96.6547300128694,7.615290588973164,102.13709617588157,10.56351191268476,128.0,25.0,5.482366163012173,7.698398676858575,0.7942052993023813,383,97
154.0,David Peralta,444482,2023,422,34.21400264200793,96.63728345646436,9.483201596646552,84.54553244283372,11.392930290872576,226.0,-72.0,-12.091751013630642,9.171129302940901,-1.8175999032782726,259,61
155.0,Pete Alonso,624413,2023,650,27.95216741405082,96.61704899083162,8.848901550846803,85.92436205720534,10.32148972420241,219.0,-64.0,-10.692686933626277,6.6500947080635555,-2.07030554471632,374,101
156.0,Yoán Moncada,660162,2023,359,28.449502133712663,96.59552579004074,10.270455494356508,107.0269349716237,13.43866237449414,112.0,44.0,10.431409181582964,8.769918231756314,1.636585017301815,200,41
157.0,Anthony Santander,623993,2023,655,34.61538461538461,96.20599389259534,9.942035956469326,93.0399048512684,12.207343709005578,184.0,-27.0,-3.1660890413269414,8.939774866856217,-0.5968360201479677,522,137
158.0,Patrick Bailey,672275,2023,352,26.73559822747415,96.16939437450132,9.950754910021788,96.1563043520421,11.7797870511754,164.0,-6.0,-0.01309002245922386,7.85342172010016,-0.083803681747329,181,32
159.0,Corey Julks,667452,2023,326,30.4093567251462,96.11144755958064,11.852563418905238,99.74462736717756,13.430849481803586,142.0,17.0,3.6331798075969175,9.62276931740641,0.5055843155176709,208,52
160.0,Ke'Bryan Hayes,663647,2023,525,30.65989847715736,96.08797042812114,8.83163193503918,97.9769513113669,11.9486951457717,157.0,3.0,1.8889808832457646,8.29527046842856,0.1614112052701527,302,74
161.0,Austin Hays,669720,2023,564,30.9009009009009,96.0706207817887,9.136257795258713,100.88219661088624,10.946419629896694,135.0,26.0,4.811575829097535,7.4146559491953505,0.7659088468364613,343,75
162.0,Donovan Solano,456781,2023,446,30.51801801801802,95.7420431571963,8.962352780364933,98.07242108658664,10.78388012338666,154.0,8.0,2.3303779293903375,7.424170426232641,0.3254314224625034,271,47
163.0,Josh Bell,605137,2023,618,27.824750192159875,95.57820512294607,8.522949724647017,101.07968118793364,10.887643959554715,134.0,29.0,5.501476064987571,7.442633539208491,0.8433747334758414,362,91
164.0,Elvis Andrus,462101,2023,408,28.09278350515464,95.29570311021313,8.762329491349393,93.02517297098292,11.368087715890557,185.0,-21.0,-2.2705301392302033,8.052024845690854,-0.5048437640949283,218,49
165.0,Gavin Sheets,657757,2023,342,30.104712041884817,95.1686086871371,11.335264430457643,97.0131267374602,13.13051920247594,160.0,5.0,1.844518050323103,9.220399455397754,0.19912641744317336,230,48
166.0,José Abreu,547989,2023,595,36.540016168148746,94.87559850585887,9.741273578784272,91.37633101301242,11.720409007242496,196.0,-30.0,-3.4992674928464567,8.917551394819485,-0.6274539769709769,452,115
167.0,Francisco Álvarez,682626,2023,423,26.33451957295373,94.81304596020485,10.817099892991298,98.4424043567176,12.830688504641008,151.0,16.0,3.6293583965127567,7.525278949890714,0.5617887077431827,222,54
168.0,Jarren Duran,680776,2023,361,29.98565279770445,94.79585380217264,10.40784039903166,102.03127875603332,13.5400131879632,129.0,39.0,7.235424953860672,11.09439726016893,0.8201048834757098,209,53
169.0,Yasmani Grandal,518735,2023,405,27.58620689655172,94.74192455943438,10.057123669969416,91.90155352001432,11.687205975015,193.0,-24.0,-2.840371039420063,8.29799638376432,-0.5423723363254757,224,62
170.0,Blake Sabol,666165,2023,343,27.85388127853881,94.72279300690752,9.33714206215675,104.23707460489462,11.410350978899569,122.0,48.0,9.514281597987093,7.08690559100498,1.663655267709661,183,30
171.0,Jason Heyward,518792,2023,376,28.47222222222222,94.6728501494278,9.899971919791014,110.0018180864034,12.947139109138188,101.0,70.0,15.328967936975602,9.092702161353651,2.2831905610494663,205,54
172.0,Ryan Jeffers,680777,2023,332,30.205278592375368,94.39173861922944,10.117515442166315,90.63328953381172,11.573094443083898,201.0,-29.0,-3.7584490854177233,8.762998380409682,-0.6410753638472507,206,40
173.0,Tyler Stephenson,663886,2023,518,24.277456647398843,94.20937883524608,7.970135927974471,89.41473587952673,9.822324276353,205.0,-32.0,-4.794642955719354,6.655372537595038,-0.9770302557711013,252,57
174.0,Mike Moustakas,519058,2023,383,33.098591549295776,94.19451591870836,10.08338520554725,90.68299901426634,11.410011793451249,200.0,-26.0,-3.5115169044420185,8.811843581897739,-0.5855461382049173,235,47
175.0,José Altuve,514888,2023,407,32.28803716608595,94.16410925291684,9.639146084704798,114.60892982232546,12.597669155324866,77.0,98.0,20.44482056940862,10.068366336093916,2.7427134992708684,278,82
176.0,Nolan Gorman,669357,2023,464,27.69385699899295,94.14623594657262,10.380045764810314,90.70312664277036,11.251948778985453,198.0,-22.0,-3.4431093038022595,7.068014912327014,-0.6679280809022511,275,47
177.0,Ramón Laureano,657656,2023,406,27.3972602739726,94.10541877480205,9.619890141090805,85.58691329071854,10.574987143465025,221.0,-44.0,-8.518505484083505,6.510121061877004,-1.698801117084227,220,29
178.0,Whit Merrifield,593160,2023,589,32.5432999088423,94.0321899121904,7.895006182675352,100.44447888611282,10.427260541167596,138.0,40.0,6.412288973922415,8.643102531812398,0.819595344643175,357,115
179.0,Daulton Varsho,662139,2023,583,27.91327913279133,93.96149017631922,7.680065890919089,80.71145755725485,8.417416217535038,239.0,-60.0,-13.25003261906437,6.139862607893103,-2.5135078855825617,309,66
180.0,Willson Contreras,575929,2023,490,31.594202898550726,93.78389496084066,9.546242658858622,85.43674074662809,10.955035440053988,224.0,-44.0,-8.347154214212566,8.198551532707405,-1.3857379213507162,327,67
181.0,Jazz Chisholm,665862,2023,382,26.641414141414145,93.69982737928645,11.853952418249108,102.92571812237944,13.929273057324162,126.0,55.0,9.22589074309299,9.662329689131937,1.3546642944308414,211,52
182.0,Brent Rooker,667670,2023,519,27.52043596730245,93.41725683343056,9.156702047763844,89.07603099878318,10.59050087729248,206.0,-24.0,-4.341225834647375,6.263455778175534,-0.9684973303391545,303,38
183.0,Ty France,664034,2023,656,34.38538205980066,93.32786762823648,7.831102197952843,88.92750297090457,9.356690068070549,208.0,-25.0,-4.400364657331906,6.87236726324677,-0.8416307853127736,414,83
184.0,Lane Thomas,657041,2023,680,27.49063670411985,93.19781642127178,8.378864925200977,98.83191852787957,10.7130411078129,147.0,37.0,5.634102106607784,6.295019073325369,0.9775326678635312,367,82
185.0,Michael Massey,686681,2023,459,32.32432432432432,93.0163553767966,10.260425582476111,73.67457766309855,11.99025535284304,258.0,-73.0,-19.34177771369805,9.653832983052313,-2.8580589397637985,299,81
186.0,Mauricio Dubón,643289,2023,491,40.97560975609756,92.6936469134492,9.454440903103484,92.22403365433476,12.395381178562593,189.0,-3.0,-0.4696132591144391,10.946941977340845,-0.23681237854474457,336,119
187.0,José Ramírez,608070,2023,674,28.19767441860465,92.34851183075487,7.785772049385828,79.74634646095271,9.208441213210842,242.0,-55.0,-12.602165369802165,7.297647093999482,-2.1282175924603033,388,111
188.0,Joey Wiemer,686894,2023,410,29.24411400247832,91.60048376257186,9.142618802795662,91.650042178949,11.189152154516584,195.0,-7.0,0.049558416377138315,8.043129048774933,-0.13574184408993337,236,49
189.0,Kris Bryant,592178,2023,334,25.83941605839416,91.58868651276104,10.33334128048888,89.88726295539587,11.90630316564479,202.0,-13.0,-1.7014235573651746,8.784832865789877,-0.370463866243638,177,44
190.0,Manuel Margot,622534,2023,334,31.281198003327788,91.2954363209242,10.445135450711623,94.81683686455848,12.55762831207602,172.0,18.0,3.521400543634286,10.569040601427751,0.32817188998579655,188,58
191.0,Alex Kirilloff,666135,2023,317,33.531157270029674,91.22720814470236,11.923941067828864,93.30119204551016,14.31145203739124,182.0,9.0,2.0739839008078036,11.615744766988033,0.07105459437052732,226,54
192.0,Kerry Carpenter,681481,2023,453,33.63533408833522,91.0058977940116,10.612137612821144,92.62675303646051,12.40291254542668,188.0,4.0,1.6208552424489113,9.45917671035465,0.10852672374900375,297,77
193.0,Christopher Morel,666624,2023,429,28.959810874704488,90.89832742751165,8.966819463285447,95.05612666988208,11.779197205160123,169.0,24.0,4.15779924237043,7.648257532765855,0.4868373702318924,245,43
194.0,Garrett Cooper,643265,2023,456,39.54451345755693,90.84266064228484,11.079519630811053,86.08972399563959,13.434607301894347,217.0,-23.0,-4.752936646645253,11.137467918326143,-0.8483762004329931,382,95
195.0,Josh Jung,673962,2023,515,33.0078125,90.55903417306796,10.030796780004405,94.6540435521332,12.19823919669023,174.0,21.0,4.095009379065246,7.831144125886846,0.52411309400711,338,67
196.0,Byron Buxton,621439,2023,346,28.01161103047896,90.48878688973323,11.188772460386224,83.91100784793709,12.484736526426245,228.0,-32.0,-6.577779041796148,7.8694264623240295,-1.2941919754003273,193,37
197.0,Willi Castro,650489,2023,407,35.1010101010101,90.47535765662457,9.744769574682614,95.66142268956548,11.9650045956517,167.0,30.0,5.186065032940917,8.543598971731965,0.647552028604023,278,53
198.0,Randal Grichuk,545341,2023,467,35.15016685205784,90.30013909216356,10.955318610123015,105.28209664462804,13.77042635977012,118.0,80.0,14.981957552464479,8.33240015868577,2.4616630807445374,316,71
199.0,Joey Gallo,608336,2023,332,26.34338138925295,90.26446013443146,10.176223475912687,92.10729861801464,11.699749806380051,192.0,7.0,1.8428384835831793,5.004258343607947,0.30727346714949055,201,19
200.0,J. D. Martinez,502110,2023,479,32.11678832116788,90.02607818694848,9.407784497382943,89.55573698645789,11.238085789692107,204.0,-4.0,-0.47034120049059425,7.046816260735889,-0.25304386320255123,308,45
201.0,Brandon Crawford,543063,2023,316,31.55339805825243,89.85590970075293,9.888775130431313,89.00581435889518,11.942278321497463,207.0,-6.0,-0.8500953418577524,7.99706825393586,-0.3378420211198804,195,29
202.0,J. T. Realmuto,592663,2023,534,30.85004775549188,89.77432574130303,8.21492382405392,91.72419262718508,10.645809628107518,194.0,8.0,1.9498668858820452,7.745019188090148,0.12914134584263065,323,64
203.0,Michael Harris,671739,2023,538,38.2741116751269,89.32100522973668,9.109247858414808,91.29154510805664,11.63268346185523,197.0,6.0,1.9705398783199541,9.696983415661917,0.07745054381515051,377,108
204.0,Bryce Harper,547180,2023,536,33.41708542713568,88.82640689181575,9.82178232036302,88.43495840936279,11.152907438443568,212.0,-8.0,-0.39144848245295805,9.012391299527179,-0.14639616505987668,399,93
205.0,Eduardo Escobar,500871,2023,306,35.80060422960725,88.67645716956808,12.877502395762775,98.70551708979984,16.03279006521613,148.0,57.0,10.02905992023176,12.72094264796938,1.0533691377311876,237,65
206.0,Alek Thomas,677950,2023,402,33.84615384615385,88.62253720062944,9.804856192048977,92.81997491139674,12.576183023063487,187.0,19.0,4.1974377107673035,9.24529876008676,0.366242398799992,242,57
207.0,Andy Ibáñez,628451,2023,383,35.09015256588072,88.48051796885184,10.179829969694191,98.39722197063328,12.706634199775204,152.0,55.0,9.91670400178144,10.226855225003533,1.1604502372316488,253,66
208.0,Brett Baty,683146,2023,388,27.57697456492637,87.97109937149997,10.88985447237787,89.87770897495079,12.638319533661925,203.0,5.0,1.9066096034508178,7.798600293973883,0.14338995109780983,206,45
209.0,Ryan Mountcastle,663624,2023,470,38.871139510117146,87.91662169081957,10.90791233814444,85.50508367998752,12.784057778976672,222.0,-13.0,-2.4115380108320466,10.81561494851798,-0.49416254429220674,365,94
210.0,Corey Seager,608369,2023,528,28.283898305084747,87.59889198141744,7.940117417411369,95.87362669486232,10.053366686662576,166.0,44.0,8.274734713444886,5.9956507225242675,1.4852281375394896,267,51
211.0,Jarred Kelenic,672284,2023,414,28.65429234338747,87.43997024630991,9.455242400532912,88.76333966387668,12.005909690010276,210.0,1.0,1.3233694175667665,8.35805604887302,-0.06275227680461065,247,41
212.0,Brandon Lowe,664040,2023,435,30.395480225988702,87.32708601491741,8.247841646927942,83.4488292760692,9.175961407394718,230.0,-18.0,-3.878256738848208,6.132688920207342,-0.8156647962917629,269,25
213.0,Orlando Arcia,606115,2023,533,26.462128475551296,86.8335941240443,7.7360596801763615,98.03597893424444,9.761840479220904,156.0,57.0,11.202384810200144,6.488134247050071,1.9122685638177759,276,72
214.0,Anthony Rizzo,519203,2023,417,34.53488372093023,86.29429682133743,9.767551783173138,85.44833911196866,12.189479933693116,223.0,-9.0,-0.8459577093687614,9.639451613511131,-0.3790843051345082,297,67
215.0,Jihwan Bae,678225,2023,372,27.947019867549667,86.16399566118801,9.180004896144036,94.65266793306236,11.803916717542094,175.0,40.0,8.48867227187435,9.383570643360525,0.9635000622794995,211,55
216.0,Ezequiel Duran,677649,2023,436,37.88748564867968,86.030873916752,10.824076317119056,92.85374643346074,12.847593194291004,186.0,30.0,6.822872516708742,9.544383901672596,0.8019470881022673,330,77
217.0,Keibert Ruiz,660688,2023,559,36.9022869022869,85.80255241962465,8.893090436705936,93.71440602404168,12.416611036290275,180.0,37.0,7.911853604417033,8.78216775635203,0.8413705271139147,355,117
218.0,Cal Raleigh,663728,2023,570,31.38977635782748,85.74274881998812,10.259986099447897,78.06961218099336,11.191621236005885,247.0,-29.0,-7.673136638994762,7.77148468593646,-1.3650960733189792,393,91
219.0,Gabriel Arias,672356,2023,345,32.97709923664122,85.68188039350972,10.053426385323666,81.31102102418296,11.596954287188096,238.0,-19.0,-4.370859369326752,7.317329239970925,-0.9859774795028906,216,29
220.0,Jordan Walker,691023,2023,466,33.48519362186788,85.45794268837967,8.491199541494954,85.81831022849086,11.398808302021138,220.0,0.0,0.3603675401111843,8.537717612376214,-0.2609888298524818,294,66
221.0,Hunter Renfroe,592669,2023,544,33.48457350272233,84.83038346315483,8.771567471513409,81.32514698344056,11.19432131300202,237.0,-16.0,-3.50523647971427,8.409401157677902,-0.81579849679025,369,95
222.0,Kevin Kiermaier,595281,2023,408,27.284946236559136,84.75161783164118,8.400017730045777,77.6277095625247,10.194840821419186,248.0,-26.0,-7.123908269116484,7.85303332258487,-1.3053550052488008,203,50
223.0,Seth Brown,664913,2023,378,31.550802139037437,84.57662800716437,10.910940988826724,73.2873250979871,11.96834113456919,259.0,-36.0,-11.28930290917728,8.152906099961138,-2.0050205908774887,236,39
224.0,Michael Taylor,572191,2023,387,30.80808080808081,84.55608237404505,11.510002199431916,80.54385572970406,12.711772399622944,240.0,-16.0,-4.012226644340984,8.345676856470513,-0.8323692967399157,244,54
225.0,Joey Meneses,608841,2023,661,31.67177914110429,84.08318796785946,7.264896752117743,94.6878267672874,9.991037771249632,173.0,52.0,10.604638799427946,6.706735129313972,1.6355144438774665,413,87
226.0,Esteury Ruiz,665923,2023,493,34.42240373395566,83.77943608435962,8.063567357641158,86.38304133107268,10.771508836016984,215.0,11.0,2.603605246713059,8.578069281390537,0.10144743133196757,295,76
227.0,Jesús Sánchez,660821,2023,402,31.435079726651484,83.72636184382914,9.663983623411491,86.00365307568912,12.584441867717276,218.0,9.0,2.2772912318599765,10.099703334772919,-0.045542196847025984,276,62
228.0,Harold Ramírez,623912,2023,434,43.95734597156398,83.67861716069561,10.614916091642664,88.51475141030741,13.608341015050426,211.0,17.0,4.836134249611803,10.717700035335021,0.26176022353554196,371,87
229.0,Josh Naylor,647304,2023,489,39.59276018099548,83.62488864477754,9.088777722564569,96.35842630088496,12.063546839257643,163.0,66.0,12.733537656107416,10.468466846397595,1.3546866685316057,350,104
230.0,Brian Anderson,605119,2023,361,28.328611898017,83.5712906509084,9.412934747940357,79.46705822978168,10.53330681300794,243.0,-13.0,-4.10423242112671,7.0040125669110616,-0.8563230476625014,200,38
231.0,Yan Gomes,543228,2023,418,37.45410036719706,83.52014538291881,10.108542786283708,83.09477335977472,12.337476404982892,232.0,-1.0,-0.4253720231440923,10.672021375532374,-0.310288192133413,306,91
232.0,Salvador Pérez,521692,2023,575,47.573656845753895,83.50078092591768,11.398713624275828,68.55506270535534,13.489381383986435,268.0,-36.0,-14.945718220562341,10.824706818264138,-2.406069690339089,549,143
233.0,Christian Vázquez,543877,2023,354,33.18452380952381,83.40844052493547,10.742966644755676,88.83871088693917,13.744061028696368,209.0,24.0,5.4302703620036965,11.413010860177797,0.3160245338544648,223,74
234.0,Miguel Rojas,500743,2023,425,33.11081441922563,83.32664375675431,8.835360701497795,94.34603309874598,11.87798543900754,177.0,57.0,11.019389341991669,9.174664022728022,1.2668285687309266,248,78
235.0,Willy Adames,642715,2023,638,32.0,82.8113609692413,8.507088907736335,77.04174515270695,9.878842076875197,249.0,-14.0,-5.769615816534355,7.003181824919007,-1.158274945674177,448,87
236.0,Elly De La Cruz,682829,2023,428,33.26315789473684,82.79562365177966,10.58651197188959,80.20352069503966,12.452541792807104,241.0,-5.0,-2.592102956740007,9.45332938541881,-0.6359569005192771,316,65
237.0,Josh Lowe,666139,2023,501,35.80018501387604,82.7738388984515,10.215929542274171,86.20570791248113,12.354737562241125,216.0,21.0,3.4318690140296297,9.194229051129241,0.23354589264404235,387,88
238.0,Jean Segura,516416,2023,326,36.83385579937304,82.64574507866557,11.13395291957463,79.2067754302073,12.434334037859031,245.0,-7.0,-3.4389696484582686,10.89294673606578,-0.5763561854789571,235,60
239.0,Kyle Farmer,571657,2023,366,32.537313432835816,82.63265603552624,9.893445816456747,66.06280642278423,11.22868032320944,273.0,-34.0,-16.569849612742004,10.10492092084959,-2.279862303646929,218,57
240.0,Fernando Tatís,665487,2023,635,32.388663967611336,82.3863242738828,8.26075459145365,84.58371011913759,10.672997993799608,225.0,15.0,2.197385845254786,7.607769228506269,0.06376904993059392,400,91
241.0,Will Brennan,686823,2023,456,38.73517786561265,82.20358243824855,8.9756714150604,72.03826273830518,11.549477365767729,261.0,-20.0,-10.165319699943367,10.4027355547857,-1.5927249914128359,294,100
242.0,Eloy Jiménez,650391,2023,488,36.69438669438669,82.15685951730153,10.309321131161663,88.17388846930575,12.587170945207117,213.0,29.0,6.017028952004225,9.50913829492745,0.5795849051204132,353,96
243.0,Drew Waters,671221,2023,335,32.011747430249635,80.70857436192635,10.310910455870726,72.84603645173401,11.48957755487076,260.0,-17.0,-7.862537910192344,8.585940223448214,-1.3569537861197678,218,35
244.0,Nick Pratto,668472,2023,344,28.09457579972184,80.6811721618431,9.813909180930729,82.90075847333446,11.38470379186248,233.0,11.0,2.219586311491369,6.996243858581821,0.17578229236901802,202,27
245.0,Shea Langeliers,669127,2023,487,31.23711340206185,80.51157178075664,8.199162750857923,83.31307376552648,9.502611430266684,231.0,14.0,2.8015019847698426,5.674715987330326,0.419137509359182,303,40
246.0,Yainer Diaz,673237,2023,376,44.2090395480226,80.23721115589414,12.03999207227038,93.0889369547259,15.310307236741954,183.0,63.0,12.851725798831751,12.255178684161924,1.1902329749452765,313,82
247.0,Nolan Arenado,571448,2023,609,34.27876823338736,80.14547150180704,8.866338529479059,78.2534918567825,10.776754573920252,246.0,1.0,-1.8919796450245343,8.421537819511988,-0.5302252847091629,423,123
248.0,Giancarlo Stanton,519317,2023,413,27.25298588490771,80.10501063580509,9.710397120042474,66.76076347659802,10.723245573474252,270.0,-22.0,-13.344247159207072,8.412986684580565,-2.129063377059258,251,54
249.0,Adam Duvall,594807,2023,350,34.34343434343434,79.17760919787337,12.062340261261369,94.87665927090389,14.997545670067476,171.0,78.0,15.69905007303052,8.92517652682678,2.227916919223128,238,51
250.0,José Siri,642350,2023,364,37.911301859799714,78.69286661463794,11.17294171685672,83.45060008699195,13.744584559535872,229.0,21.0,4.757733472354019,10.249715032367854,0.21839414717169134,265,58
251.0,Teoscar Hernández,606192,2023,677,35.38461538461539,78.40812574742068,8.894735767914108,77.0139968393797,10.302468945653162,250.0,1.0,-1.394128908040983,6.932830052959838,-0.4518642067390612,483,81
252.0,Ryan O'Hearn,656811,2023,369,30.933333333333334,78.3385720627814,10.056493272978464,92.13042673880383,13.030585177527206,191.0,61.0,13.791854676022439,9.360088641322257,1.6153617589593188,232,52
253.0,Tim Anderson,641313,2023,525,35.70680628272251,77.95107276697952,8.542206494081364,87.19068618342203,11.301222061775348,214.0,39.0,9.23961341644251,8.55157082105411,1.0063287802414438,341,87
254.0,Ozzie Albies,645277,2023,661,35.45586107091172,77.80505979152662,8.94179526842339,84.53888278780761,11.77262776609233,227.0,27.0,6.733822996280992,8.803609955229753,0.578789461793526,490,144
255.0,Andrew Vaughn,683734,2023,614,31.969949916527547,77.35031873856742,8.750010062702891,75.62676502454477,10.276446435554435,254.0,1.0,-1.723553714022657,7.250542230890808,-0.5188529897833195,383,96
256.0,Julio Rodríguez,677594,2023,705,37.82542113323124,76.24756927146453,8.60473129542264,76.14362024872966,10.38653750831986,252.0,4.0,-0.1039490227348665,6.790526385908278,-0.3229552812628506,494,101
257.0,Starling Marte,516782,2023,340,37.712519319938174,76.21736758710178,10.56761873494196,82.19718867658284,13.02314232180017,235.0,22.0,5.979821089481064,11.188846768878536,0.36717944459872937,244,60
258.0,Jorge Mateo,622761,2023,352,33.821376281112734,75.01868844126665,9.525162996873457,75.48871339571625,11.83529844004008,255.0,3.0,0.4700249544495989,10.008607743348103,-0.3071411866733245,231,50
259.0,Trea Turner,607208,2023,693,35.38461538461539,74.45771914426537,8.132263292689505,71.32668072744505,9.976187249644427,264.0,-5.0,-3.131038416820317,7.119712792380729,-0.843787978493997,506,99
260.0,Amed Rosario,642708,2023,546,39.6370582617001,74.10254395714692,8.75264446983708,66.30759689237854,11.062921330573404,272.0,-12.0,-7.79494706476838,9.52789530244201,-1.418793173010853,415,114
261.0,Andrés Giménez,665926,2023,614,40.49382716049383,73.85262365941648,8.44728484518817,76.77302370389609,10.719514260165912,251.0,10.0,2.9204000444796065,8.533267086911529,0.07266799265831787,492,122
262.0,Brandon Drury,592273,2023,522,35.15151515151515,73.6325660573131,8.334372368643425,75.2259049661208,10.758787185031242,256.0,6.0,1.593338908807695,7.021533845293903,-0.1909677545639945,348,67
263.0,Thairo Estrada,642731,2023,529,38.2851445663011,73.55694782330325,9.098492679665716,66.4763569371234,10.976584919720194,271.0,-8.0,-7.0805908861798486,9.243853689506865,-1.2838060151187867,384,101
264.0,Connor Wong,657136,2023,401,34.87450462351387,73.03649580368072,9.4914290075173,79.26743975769341,11.371648196295595,244.0,20.0,6.230943954012687,8.02836998483562,0.6680908567456344,264,45
265.0,Jeremy Peña,665161,2023,632,36.11793611793612,72.91905879808408,7.469177889130313,81.54001757012098,9.639831576165436,236.0,29.0,8.6209587720369,7.485046024133454,1.059894130200109,441,87
266.0,Elías Díaz,553869,2023,525,36.40639698965193,71.7541643189878,8.893538629859691,74.34105341566485,10.927196623491492,257.0,9.0,2.586889096677041,7.617802500958063,0.035726212101495854,387,77
267.0,Brenton Doyle,686668,2023,431,31.925465838509314,69.38329213039808,8.708735313879732,71.36413005620575,10.60867232256963,263.0,4.0,1.980837925807677,8.295556636858878,-0.046445671902738156,257,49
268.0,Eddie Rosario,592696,2023,514,43.609756097560975,68.82264454467324,10.085706666444626,59.39814723597395,11.9117620386933,278.0,-10.0,-9.424497308699287,9.935892253202791,-1.656551262825785,447,118
269.0,Harrison Bader,664056,2023,344,35.87786259541985,68.67689990782605,10.654642588731775,71.0484718847497,12.598320231385468,265.0,4.0,2.371571976923647,10.399503055244287,-0.08845620639334842,235,63
270.0,Ezequiel Tovar,678662,2023,615,42.00988467874794,68.1531303345711,8.132420769689526,70.09917117992038,10.256980750566,266.0,4.0,1.9460408453492732,7.79735066183843,-0.09971622615469393,510,93
271.0,Paul DeJong,657557,2023,400,36.137931034482754,67.52947113775315,8.958576647758344,66.7763473041687,10.609258325451489,269.0,2.0,-0.7531238335844535,8.360889676405842,-0.42584881191214174,262,49
272.0,Martín Maldonado,455117,2023,407,32.6797385620915,66.91015449660956,9.701338126642282,61.92440976365472,10.27024515801628,277.0,-5.0,-4.985744732954842,6.476945369253853,-1.0077403265696958,250,40
273.0,Luke Raley,670042,2023,403,32.040050062578224,66.45516777410937,8.796717900692926,68.68499154146437,10.057516346566038,267.0,6.0,2.2298237673550005,4.875876265326386,0.21256477884220296,256,18
274.0,Luis Robert,673357,2023,589,40.90513489991297,65.65698644998648,9.340706420165112,71.36773593617801,11.656829015734973,262.0,12.0,5.710749486191531,7.936020512025885,0.3635738468358915,470,82
275.0,Nick Castellanos,592206,2023,674,41.04704097116844,62.94504689550352,8.361462522891042,75.85930961139185,11.321076310473286,253.0,22.0,12.914262715888327,7.709479123914163,1.4132049708676857,541,106
276.0,Jake Burger,669394,2023,539,38.88354186717999,62.03212008215187,9.200038784920093,59.369862235695656,10.524526733749424,279.0,-3.0,-2.662257846456214,6.712490815327433,-0.835580548739777,404,54
277.0,Mickey Moniak,666160,2023,319,46.86468646864687,58.83655656107213,12.078346592279114,65.15636553552275,14.135289635474386,274.0,3.0,6.319808974450623,11.31251299219011,0.19067686250170893,284,54
278.0,Christian Bethancourt,542194,2023,333,45.27439024390244,55.66818803892792,11.070411715109088,64.09222270437746,13.653938308238809,275.0,3.0,8.42403466544954,10.945220095837929,0.277399092842957,297,60
279.0,Elehuris Montero,660707,2023,306,43.69230769230769,55.157178338492685,12.906855447747535,62.89193784143336,14.998700555478155,276.0,3.0,7.734759502940676,10.886454231439899,0.2571875030558584,284,46
280.0,Javier Báez,595879,2023,542,44.42379182156134,47.33411112761321,9.773987358006524,45.61880448309372,12.18463683032159,280.0,0.0,-1.7153066445194938,9.634481429705758,-1.1082395780299634,478,130
